Birthday,HeadCoach,Name,Number,Position,Team
1995-06-05,詹姆斯-博雷戈,"马楚拉,(J.P. Macura)",55,G,夏洛特黄蜂（Charlotte Hornets）
1994-11-16,迈克-德安东尼,"加雷-克拉克,(Gary Clark)",6,F,休斯顿火箭（Houston Rockets）
1992-10-03,泰伦-卢,"勒维-兰多夫,(Levi Randolph)",6,G,克利夫兰骑士（Cleveland Cavaliers）
1996-08-23,德韦恩-凯西,"基南-埃文斯,(Keenan Evans)",12,G,底特律活塞（Detroit Pistons）
1998-08-03,迈克-布登霍尔泽,"特雷旺-杜瓦尔,(Trevon Duval)",0,G,密尔沃基雄鹿（Milwaukee Bucks）
1995-12-31,内特-麦克米兰,"埃德蒙-萨姆纳,(Edmond Sumner)",5,G,印第安纳步行者（Indiana Pacers）
1995-11-29,史蒂夫-克利福德,"特洛伊-科佩恩,(Troy Caupain)",3,G,奥兰多魔术（Orlando Magic）
1991-03-28,斯科特-布鲁克斯,"乔丹-麦克雷,(Jordan McRae)",52,G,华盛顿奇才（Washington Wizards）
1993-07-27,尼克-纳斯,"乔丹-劳埃德,(Jordan Loyd)",8,G,多伦多猛龙（Toronto Raptors）
1994-10-03,肯尼-阿特金森,"努尼-奥莫特,(Nuni Omot)",7,F,布鲁克林篮网（Brooklyn Nets）
1996-09-26,布雷特-布朗,"谢克-米尔顿,(Shake Milton)",18,G,费城76人（Philadelphia 76ers）
1993-09-06,劳埃德-皮尔斯,"亚历克斯-波伊思雷斯,(Alex Poythress)",22,F,亚特兰大老鹰（Atlanta Hawks）
1994-04-22,埃里克-斯波尔斯特拉,"邓肯-鲁宾逊,(Duncan Robinson)",55,F,迈阿密热火（Miami Heat）
1997-10-29,弗雷德-霍伊博格,"罗尔-阿尔金斯,(Rawle Alkins)",20,G,芝加哥公牛（Chicago Bulls）
1996-02-03,迈克尔-马龙,"托马斯-韦尔什,(Thomas Welsh)",45,C,丹佛掘金（Denver Nuggets）
1995-08-05,布拉德-史蒂文斯,"尼克-金,(Nicholas King)",55,F,波士顿凯尔特人（Boston Celtics）
1995-10-02,奎因-斯奈德,"艾萨克-哈斯,(Isaac Haas)",44,C,犹他爵士（Utah Jazz）
1994-01-31,比利-多诺万,"迪昂特-伯顿,(Deonte Burton)",30,G,俄克拉荷马城雷霆（Oklahoma City Thunder）
1996-07-11,特里-斯托茨,"卡梅伦-奥利弗,(Cameron Oliver)",23,F,波特兰开拓者（Portland Trail Blazers）
1990-02-06,汤姆-锡伯杜,"CJ-威廉姆斯,(C.J. Williams)",12,G,明尼苏达森林狼（Minnesota Timberwolves）
1997-03-26,戴夫-乔尔格,"W. Gabriel,(Wenyen Gabriel)",32,F,萨克拉门托国王（Sacramento Kings）
1994-01-15,伊戈尔-科科什科夫,"乔治-金,(George King)",8,F,菲尼克斯太阳（Phoenix Suns）
1994-12-30,大卫-菲兹代尔,",(Paul Watson)",,G,纽约尼克斯（New York Knicks）
1995-08-03,史蒂夫-科尔,"肯德里克-努恩,(Kendrick Nunn)",25,G,金州勇士（Golden State Warriors）
1995-04-01,卢克-沃顿,"乔尔-贝里二世,(Joel Berry II)",18,G,洛杉矶湖人（Los Angeles Lakers）
1994-11-20,道格-里弗斯,"安吉尔-德尔加多,(Angel Delgado)",31,C,洛杉矶快船（Los Angeles Clippers）
1994-10-13,JB-比克斯塔夫（临时帅）,"渡边雄太,(Yuta Watanabe)",12,G-F,孟菲斯灰熊（Memphis Grizzlies）
1991-01-03,阿尔文-金特里,"达柳斯-莫里斯,(Darius Morris)",9,G,新奥尔良鹈鹕（New Orleans Pelicans）
1992-12-22,格雷格-波波维奇,"尼克-约翰逊,(Nick Johnson)",24,G,圣安东尼奥马刺（San Antonio Spurs）
1997-11-20,里克-卡莱尔,"科斯塔斯-阿德托昆博,(Kostas Antetokounmpo)",37,F,达拉斯独行侠（Dallas Mavericks）
Birthday,HeadCoach,Name,Number,Position,Team
1994-11-16,迈克-德安东尼,"加雷-克拉克,(Gary Clark)",6,F,休斯顿火箭（Houston Rockets）
1995-11-29,史蒂夫-克利福德,"特洛伊-科佩恩,(Troy Caupain)",3,G,奥兰多魔术（Orlando Magic）
1996-08-23,德韦恩-凯西,"基南-埃文斯,(Keenan Evans)",12,G,底特律活塞（Detroit Pistons）
1998-08-03,迈克-布登霍尔泽,"特雷旺-杜瓦尔,(Trevon Duval)",0,G,密尔沃基雄鹿（Milwaukee Bucks）
1997-10-29,弗雷德-霍伊博格,"罗尔-阿尔金斯,(Rawle Alkins)",20,G,芝加哥公牛（Chicago Bulls）
1996-09-26,布雷特-布朗,"谢克-米尔顿,(Shake Milton)",18,G,费城76人（Philadelphia 76ers）
1995-12-31,内特-麦克米兰,"埃德蒙-萨姆纳,(Edmond Sumner)",5,G,印第安纳步行者（Indiana Pacers）
1992-10-03,泰伦-卢,"勒维-兰多夫,(Levi Randolph)",6,G,克利夫兰骑士（Cleveland Cavaliers）
1993-09-06,劳埃德-皮尔斯,"亚历克斯-波伊思雷斯,(Alex Poythress)",22,F,亚特兰大老鹰（Atlanta Hawks）
1993-07-27,尼克-纳斯,"乔丹-劳埃德,(Jordan Loyd)",8,G,多伦多猛龙（Toronto Raptors）
1994-10-03,肯尼-阿特金森,"努尼-奥莫特,(Nuni Omot)",7,F,布鲁克林篮网（Brooklyn Nets）
1995-08-05,布拉德-史蒂文斯,"尼克-金,(Nicholas King)",55,F,波士顿凯尔特人（Boston Celtics）
1996-02-03,迈克尔-马龙,"托马斯-韦尔什,(Thomas Welsh)",45,C,丹佛掘金（Denver Nuggets）
1995-06-05,詹姆斯-博雷戈,"马楚拉,(J.P. Macura)",55,G,夏洛特黄蜂（Charlotte Hornets）
1994-12-30,大卫-菲兹代尔,",(Paul Watson)",,G,纽约尼克斯（New York Knicks）
1994-01-31,比利-多诺万,"迪昂特-伯顿,(Deonte Burton)",30,G,俄克拉荷马城雷霆（Oklahoma City Thunder）
1995-10-02,奎因-斯奈德,"艾萨克-哈斯,(Isaac Haas)",44,C,犹他爵士（Utah Jazz）
1991-03-28,斯科特-布鲁克斯,"乔丹-麦克雷,(Jordan McRae)",52,G,华盛顿奇才（Washington Wizards）
1997-03-26,戴夫-乔尔格,"W. Gabriel,(Wenyen Gabriel)",32,F,萨克拉门托国王（Sacramento Kings）
1996-07-11,特里-斯托茨,"卡梅伦-奥利弗,(Cameron Oliver)",23,F,波特兰开拓者（Portland Trail Blazers）
1990-02-06,汤姆-锡伯杜,"CJ-威廉姆斯,(C.J. Williams)",12,G,明尼苏达森林狼（Minnesota Timberwolves）
1994-04-22,埃里克-斯波尔斯特拉,"邓肯-鲁宾逊,(Duncan Robinson)",55,F,迈阿密热火（Miami Heat）
1995-08-03,史蒂夫-科尔,"肯德里克-努恩,(Kendrick Nunn)",25,G,金州勇士（Golden State Warriors）
1994-01-15,伊戈尔-科科什科夫,"乔治-金,(George King)",8,F,菲尼克斯太阳（Phoenix Suns）
1995-04-01,卢克-沃顿,"乔尔-贝里二世,(Joel Berry II)",18,G,洛杉矶湖人（Los Angeles Lakers）
1992-12-22,格雷格-波波维奇,"尼克-约翰逊,(Nick Johnson)",24,G,圣安东尼奥马刺（San Antonio Spurs）
1991-01-03,阿尔文-金特里,"达柳斯-莫里斯,(Darius Morris)",9,G,新奥尔良鹈鹕（New Orleans Pelicans）
1997-11-20,里克-卡莱尔,"科斯塔斯-阿德托昆博,(Kostas Antetokounmpo)",37,F,达拉斯独行侠（Dallas Mavericks）
1994-11-20,道格-里弗斯,"安吉尔-德尔加多,(Angel Delgado)",31,C,洛杉矶快船（Los Angeles Clippers）
1994-10-13,JB-比克斯塔夫（临时帅）,"渡边雄太,(Yuta Watanabe)",12,G-F,孟菲斯灰熊（Memphis Grizzlies）
Birthday,HeadCoach,Name,Number,Position,Team
1985-05-06,迈克-德安东尼,"克里斯-保罗,(Chris Paul)",3,G,休斯顿火箭（Houston Rockets）
1989-08-26,迈克-德安东尼,"詹姆斯-哈登,(James Harden)",13,G,休斯顿火箭（Houston Rockets）
1993-06-03,斯科特-布鲁克斯,"奥托-波特,(Otto Porter Jr.)",22,F,华盛顿奇才（Washington Wizards）
1991-12-02,迈克-德安东尼,"布兰登-奈特,(Brandon Knight)",2,G,休斯顿火箭（Houston Rockets）
1994-05-18,迈克-德安东尼,"克林特-卡佩拉,(Clint Capela)",15,C,休斯顿火箭（Houston Rockets）
1988-12-25,迈克-德安东尼,"埃里克-戈登,(Eric Gordon)",10,G,休斯顿火箭（Houston Rockets）
1985-05-05,迈克-德安东尼,"PJ-塔克,(PJ Tucker)",17,F,休斯顿火箭（Houston Rockets）
1982-09-13,迈克-德安东尼,"内内,( Nene)",42,C-F,休斯顿火箭（Houston Rockets）
1993-06-28,斯科特-布鲁克斯,"布拉德利-比尔,(Bradley Beal)",3,G,华盛顿奇才（Washington Wizards）
1990-09-06,斯科特-布鲁克斯,"约翰-沃尔,(John Wall)",2,G,华盛顿奇才（Washington Wizards）
1986-11-05,斯科特-布鲁克斯,"伊安-马辛米,(Ian Mahinmi)",28,C,华盛顿奇才（Washington Wizards）
1992-08-01,斯科特-布鲁克斯,"奥斯汀-里弗斯,(Austin Rivers)",1,G,华盛顿奇才（Washington Wizards）
1989-09-02,斯科特-布鲁克斯,"马基夫-莫里斯,(Markieff Morris)",5,F,华盛顿奇才（Washington Wizards）
1988-12-14,詹姆斯-博雷戈,"尼古拉斯-巴图姆,(Nicolas Batum)",5,G-F,夏洛特黄蜂（Charlotte Hornets）
1992-08-28,詹姆斯-博雷戈,"俾斯麦-比永博,(Bismack Biyombo)",8,C,夏洛特黄蜂（Charlotte Hornets）
1986-06-19,詹姆斯-博雷戈,"马文-威廉姆斯,(Marvin Williams)",2,F,夏洛特黄蜂（Charlotte Hornets）
1997-07-02,迈克-德安东尼,"马基斯-克里斯,(Marquese Chriss)",0,F,休斯顿火箭（Houston Rockets）
1986-01-26,迈克-德安东尼,"杰拉德-格林,(Gerald Green)",14,G-F,休斯顿火箭（Houston Rockets）
1984-05-29,迈克-德安东尼,"卡梅罗-安东尼,(Carmelo Anthony)",7,F,休斯顿火箭（Houston Rockets）
1991-10-10,迈克-德安东尼,"迈克尔-卡特-威廉姆斯,(Michael Carter-Williams)",1,G,休斯顿火箭（Houston Rockets）
1995-09-21,迈克-德安东尼,"布鲁诺-卡博克洛,(Bruno Caboclo)",5,F,休斯顿火箭（Houston Rockets）
1992-05-04,内特-麦克米兰,"维克托-奥拉迪波,(Victor Oladipo)",4,G,印第安纳步行者（Indiana Pacers）
1988-06-21,内特-麦克米兰,"赛迪斯-杨,(Thaddeus Young)",21,F,印第安纳步行者（Indiana Pacers）
1989-09-19,内特-麦克米兰,"泰瑞克-埃文斯,(Tyreke Evans)",12,G,印第安纳步行者（Indiana Pacers）
1986-03-02,斯科特-布鲁克斯,"杰森-史密斯,(Jason Smith)",14,F-C,华盛顿奇才（Washington Wizards）
1985-12-08,斯科特-布鲁克斯,"德怀特-霍华德,(Dwight Howard)",21,C,华盛顿奇才（Washington Wizards）
1987-08-21,斯科特-布鲁克斯,"约迪-米克斯,(Jodie Meeks)",20,G,华盛顿奇才（Washington Wizards）
1992-10-05,詹姆斯-博雷戈,"科迪-泽勒,(Cody Zeller)",40,F-C,夏洛特黄蜂（Charlotte Hornets）
1993-09-26,詹姆斯-博雷戈,"迈克尔-基德-吉尔克里斯特,(Michael Kidd-Gilchrist)",14,F,夏洛特黄蜂（Charlotte Hornets）
1990-05-08,詹姆斯-博雷戈,"肯巴-沃克,(Kemba Walker)",15,G,夏洛特黄蜂（Charlotte Hornets）
1992-05-30,詹姆斯-博雷戈,"杰里米-兰姆,(Jeremy Lamb)",3,G,夏洛特黄蜂（Charlotte Hornets）
1982-05-17,詹姆斯-博雷戈,"托尼-帕克,(Tony Parker)",9,G,夏洛特黄蜂（Charlotte Hornets）
1993-04-04,詹姆斯-博雷戈,"弗兰克-卡明斯基,(Frank Kaminsky)",44,F-C,夏洛特黄蜂（Charlotte Hornets）
1988-09-07,泰伦-卢,"凯文-乐福,(Kevin Love)",0,F-C,克利夫兰骑士（Cleveland Cavaliers）
1986-05-04,泰伦-卢,"乔治-希尔,(George Hill)",3,G,克利夫兰骑士（Cleveland Cavaliers）
1990-07-01,迈克-德安东尼,"詹姆斯-恩尼斯,(James Ennis III)",8,F,休斯顿火箭（Houston Rockets）
1996-01-16,迈克-德安东尼,"周琦,(Zhou Qi)",9,F-C,休斯顿火箭（Houston Rockets）
1995-03-15,弗雷德-霍伊博格,"贾巴里-帕克,(Jabari Parker)",2,F,芝加哥公牛（Chicago Bulls）
1995-03-10,弗雷德-霍伊博格,"扎克-拉文,(Zach LaVine)",8,G,芝加哥公牛（Chicago Bulls）
1989-04-18,内特-麦克米兰,"博扬-波格丹诺维奇,(Bojan Bogdanovic)",44,F,印第安纳步行者（Indiana Pacers）
1987-08-23,内特-麦克米兰,"达伦-科里森,(Darren Collison)",2,G,印第安纳步行者（Indiana Pacers）
1991-08-20,内特-麦克米兰,"科里-约瑟夫,(Cory Joseph)",6,G,印第安纳步行者（Indiana Pacers）
1992-01-03,内特-麦克米兰,"道格-麦克德莫特,(Doug McDermott)",20,F,印第安纳步行者（Indiana Pacers）
1990-03-26,内特-麦克米兰,"凯尔-奥奎因,(Kyle O'Quinn)",10,C,印第安纳步行者（Indiana Pacers）
1995-09-16,史蒂夫-克利福德,"阿龙-戈登,(Aaron Gordon)",00,F,奥兰多魔术（Orlando Magic）
1992-10-29,史蒂夫-克利福德,"埃文-富尼耶,(Evan Fournier)",10,G-F,奥兰多魔术（Orlando Magic）
1994-12-06,迈克-布登霍尔泽,"扬尼斯-阿德托昆博,(Giannis Antetokounmpo)",34,F,密尔沃基雄鹿（Milwaukee Bucks）
1989-12-09,迈克-布登霍尔泽,"埃里克-布莱索,(Eric Bledsoe)",6,G,密尔沃基雄鹿（Milwaukee Bucks）
1992-05-20,大卫-菲兹代尔,"埃内斯-坎特,(Enes Kanter)",00,C,纽约尼克斯（New York Knicks）
1985-02-25,大卫-菲兹代尔,"乔金-诺阿,(Joakim Noah)",13,C,纽约尼克斯（New York Knicks）
1992-03-16,大卫-菲兹代尔,"小蒂姆-哈达威,(Tim Hardaway Jr.)",3,F-G,纽约尼克斯（New York Knicks）
1995-12-09,斯科特-布鲁克斯,"凯利-乌布雷,(Kelly Oubre Jr.)",12,F,华盛顿奇才（Washington Wizards）
1991-10-30,斯科特-布鲁克斯,"托马什-萨托兰斯基,(Tomas Satoransky)",31,G-F,华盛顿奇才（Washington Wizards）
1999-07-28,斯科特-布鲁克斯,"特洛伊-布朗,(Troy Brown Jr.)",6,F,华盛顿奇才（Washington Wizards）
1986-08-28,斯科特-布鲁克斯,"杰夫-格林,(Jeff Green)",32,F,华盛顿奇才（Washington Wizards）
1989-02-04,斯科特-布鲁克斯,"拉沃伊-阿伦,(Lavoy Allen)",24,F-C,华盛顿奇才（Washington Wizards）
1997-07-31,斯科特-布鲁克斯,"托马斯-布莱恩特,(Thomas Bryant)",13,C,华盛顿奇才（Washington Wizards）
1998-02-04,詹姆斯-博雷戈,"马利克-蒙克,(Malik Monk)",1,G,夏洛特黄蜂（Charlotte Hornets）
1998-03-21,詹姆斯-博雷戈,"迈尔斯-布里奇斯,(Miles Bridges)",0,F,夏洛特黄蜂（Charlotte Hornets）
1994-05-27,詹姆斯-博雷戈,"吉列尔莫-埃尔南戈麦斯,(Willy Hernangomez)",41,C,夏洛特黄蜂（Charlotte Hornets）
1995-08-30,詹姆斯-博雷戈,"德维恩-培根,(Dwayne Bacon)",7,G-F,夏洛特黄蜂（Charlotte Hornets）
1995-02-22,詹姆斯-博雷戈,"德文特-格雷厄姆,(Devonte' Graham)",4,G,夏洛特黄蜂（Charlotte Hornets）
1995-11-01,詹姆斯-博雷戈,"乔-切利,(Joe Chealey)",31,G,夏洛特黄蜂（Charlotte Hornets）
1991-03-13,泰伦-卢,"特里斯坦-汤普森,(Tristan Thompson)",13,F-C,克利夫兰骑士（Cleveland Cavaliers）
1985-09-09,泰伦-卢,"JR-史密斯,(JR Smith)",5,G-F,克利夫兰骑士（Cleveland Cavaliers）
1992-06-07,泰伦-卢,"乔丹-克拉克森,(Jordan Clarkson)",8,G,克利夫兰骑士（Cleveland Cavaliers）
1981-03-17,泰伦-卢,"凯尔-科沃尔,(Kyle Korver)",26,G-F,克利夫兰骑士（Cleveland Cavaliers）
1998-05-05,迈克-德安东尼,"以赛亚-哈尔滕施泰因,(Isaiah Hartenstein)",55,F-C,休斯顿火箭（Houston Rockets）
1994-04-03,迈克-德安东尼,"罗布-格雷,(Rob Gray)",32,G,休斯顿火箭（Houston Rockets）
1996-04-05,迈克-德安东尼,"文森特-爱德华兹,(Vincent Edwards)",12,F,休斯顿火箭（Houston Rockets）
1994-11-16,迈克-德安东尼,"加雷-克拉克,(Gary Clark)",6,F,休斯顿火箭（Houston Rockets）
1988-04-01,弗雷德-霍伊博格,"罗宾-洛佩斯,(Robin Lopez)",42,C,芝加哥公牛（Chicago Bulls）
1986-07-04,弗雷德-霍伊博格,"欧米尔-阿西克,(Omer Asik)",3,C,芝加哥公牛（Chicago Bulls）
1992-07-07,弗雷德-霍伊博格,"克里斯蒂亚诺-费利西奥,(Cristiano Felicio)",6,F-C,芝加哥公牛（Chicago Bulls）
1997-05-22,弗雷德-霍伊博格,"劳里-马尔卡宁,(Lauri Markkanen)",24,F,芝加哥公牛（Chicago Bulls）
1999-04-16,弗雷德-霍伊博格,"温德尔-卡特,(Wendell Carter Jr.)",34,F,芝加哥公牛（Chicago Bulls）
1989-04-05,弗雷德-霍伊博格,"贾斯廷-霍勒迪,(Justin Holiday)",7,G,芝加哥公牛（Chicago Bulls）
1996-03-24,内特-麦克米兰,"迈尔斯-特纳,(Myles Turner)",33,F-C,印第安纳步行者（Indiana Pacers）
1996-05-03,内特-麦克米兰,"多曼塔斯-萨博尼斯,(Domantas Sabonis)",11,F,印第安纳步行者（Indiana Pacers）
1997-04-30,内特-麦克米兰,"TJ-利夫,(TJ Leaf)",22,F,印第安纳步行者（Indiana Pacers）
1996-09-30,内特-麦克米兰,"阿龙-霍勒迪,(Aaron Holiday)",3,G,印第安纳步行者（Indiana Pacers）
1986-07-16,史蒂夫-克利福德,"季莫费-莫兹戈夫,(Timofey Mozgov)",21,C,奥兰多魔术（Orlando Magic）
1990-10-24,史蒂夫-克利福德,"尼古拉-武切维奇,(Nikola Vucevic)",9,C,奥兰多魔术（Orlando Magic）
1991-02-05,史蒂夫-克利福德,"特伦斯-罗斯,(Terrence Ross)",31,G-F,奥兰多魔术（Orlando Magic）
1987-11-10,史蒂夫-克利福德,"DJ-奥古斯丁,(D.J. Augustin)",14,G,奥兰多魔术（Orlando Magic）
1989-09-14,史蒂夫-克利福德,"乔纳森-西蒙斯,(Jonathon Simmons)",17,G,奥兰多魔术（Orlando Magic）
1991-08-12,迈克-布登霍尔泽,"克里斯-米德尔顿,(Khris Middleton)",22,F-G,密尔沃基雄鹿（Milwaukee Bucks）
1991-11-10,迈克-布登霍尔泽,"托尼-斯内尔,(Tony Snell)",21,G,密尔沃基雄鹿（Milwaukee Bucks）
1990-12-28,迈克-布登霍尔泽,"约翰-亨森,(John Henson)",31,C-F,密尔沃基雄鹿（Milwaukee Bucks）
1990-09-08,迈克-布登霍尔泽,"马修-戴拉维多瓦,(Matthew Dellavedova)",8,G,密尔沃基雄鹿（Milwaukee Bucks）
1987-05-15,迈克-布登霍尔泽,"艾森-伊利亚索瓦,(Ersan Ilyasova)",77,F,密尔沃基雄鹿（Milwaukee Bucks）
1988-04-01,迈克-布登霍尔泽,"布鲁克-洛佩斯,(Brook Lopez)",,C,密尔沃基雄鹿（Milwaukee Bucks）
1985-10-03,大卫-菲兹代尔,"考特尼-李,(Courtney Lee)",5,G,纽约尼克斯（New York Knicks）
1988-04-24,大卫-菲兹代尔,"兰斯-托马斯,(Lance Thomas)",42,F,纽约尼克斯（New York Knicks）
1995-02-25,大卫-菲兹代尔,"马里奥-海佐尼亚,(Mario Hezonja)",8,F-G,纽约尼克斯（New York Knicks）
1995-08-02,大卫-菲兹代尔,"克里斯塔普斯-波尔津吉斯,(Kristaps Porzingis)",6,F-C,纽约尼克斯（New York Knicks）
1993-03-30,大卫-菲兹代尔,"罗恩-贝克,(Ron Baker)",31,G,纽约尼克斯（New York Knicks）
1986-03-25,尼克-纳斯,"凯尔-洛瑞,(Kyle Lowry)",7,G,多伦多猛龙（Toronto Raptors）
1989-09-18,尼克-纳斯,"赛尔吉-伊巴卡,(Serge Ibaka)",9,F-C,多伦多猛龙（Toronto Raptors）
1993-02-05,斯科特-布鲁克斯,"沙松-兰德尔,(Chasson Randle)",9,G,华盛顿奇才（Washington Wizards）
1995-11-21,斯科特-布鲁克斯,"克里斯-奇奥萨,(Chris Chiozza)",4,G,华盛顿奇才（Washington Wizards）
1995-03-26,斯科特-布鲁克斯,"蒂维安-肯德利,(Tiwian Kendley)",8,G,华盛顿奇才（Washington Wizards）
1995-03-07,斯科特-布鲁克斯,"德文-罗宾逊,(Devin Robinson)",7,F,华盛顿奇才（Washington Wizards）
1991-03-28,斯科特-布鲁克斯,"乔丹-麦克雷,(Jordan McRae)",52,G,华盛顿奇才（Washington Wizards）
1996-01-23,詹姆斯-博雷戈,"杰伦-巴福德,(Jaylen Barford)",10,G,夏洛特黄蜂（Charlotte Hornets）
1995-09-23,詹姆斯-博雷戈,"以赛亚-威尔金斯,(Isaiah Wilkins)",21,F,夏洛特黄蜂（Charlotte Hornets）
1996-01-05,詹姆斯-博雷戈,"扎克-史密斯,(Zach Smith)",11,F,夏洛特黄蜂（Charlotte Hornets）
1995-06-05,詹姆斯-博雷戈,"马楚拉,(J.P. Macura)",55,G,夏洛特黄蜂（Charlotte Hornets）
1985-02-10,迈克尔-马龙,"保罗-米尔萨普,(Paul Millsap)",4,F,丹佛掘金（Denver Nuggets）
1995-02-19,迈克尔-马龙,"尼古拉-约基奇,(Nikola Jokic)",15,C,丹佛掘金（Denver Nuggets）
1989-07-01,劳埃德-皮尔斯,"肯特-贝兹莫尔,(Kent Bazemore)",24,G,亚特兰大老鹰（Atlanta Hawks）
1999-01-04,泰伦-卢,"科林-塞克斯顿,(Collin Sexton)",2,G,克利夫兰骑士（Cleveland Cavaliers）
1995-04-08,泰伦-卢,"切迪-奥斯曼,(Cedi Osman)",16,F,克利夫兰骑士（Cleveland Cavaliers）
1994-05-08,泰伦-卢,"萨姆-德克尔,(Sam Dekker)",15,F,克利夫兰骑士（Cleveland Cavaliers）
1983-05-17,泰伦-卢,"钱宁-弗莱,(Channing Frye)",9,F-C,克利夫兰骑士（Cleveland Cavaliers）
1992-10-20,泰伦-卢,"罗德尼-胡德,(Rodney Hood)",1,G,克利夫兰骑士（Cleveland Cavaliers）
1992-06-26,奎因-斯奈德,"鲁迪-戈贝尔,(Rudy Gobert)",27,C,犹他爵士（Utah Jazz）
1991-07-15,奎因-斯奈德,"德里克-费沃斯,(Derrick Favors)",15,F-C,犹他爵士（Utah Jazz）
1990-10-21,奎因-斯奈德,"里基-卢比奥,(Ricky Rubio)",3,G,犹他爵士（Utah Jazz）
1994-03-18,弗雷德-霍伊博格,"克里斯-邓恩,(Kris Dunn)",32,G,芝加哥公牛（Chicago Bulls）
1994-08-08,弗雷德-霍伊博格,"卡梅伦-佩恩,(Cameron Payne)",22,G,芝加哥公牛（Chicago Bulls）
1995-02-10,弗雷德-霍伊博格,"博比-波蒂斯,(Bobby Portis)",5,F,芝加哥公牛（Chicago Bulls）
1993-11-16,弗雷德-霍伊博格,"登泽尔-瓦伦丁,(Denzel Valentine)",45,G,芝加哥公牛（Chicago Bulls）
1996-04-26,弗雷德-霍伊博格,"钱德勒-哈奇森,(Chandler Hutchison)",15,F,芝加哥公牛（Chicago Bulls）
1993-03-20,弗雷德-霍伊博格,"亚卡尔-桑普森,(JaKarr Sampson)",14,F,芝加哥公牛（Chicago Bulls）
1994-03-16,布雷特-布朗,"乔尔-恩比德,(Joel Embiid)",21,C,费城76人（Philadelphia 76ers）
1987-05-10,布雷特-布朗,"威尔森-钱德勒,(Wilson Chandler)",22,F,费城76人（Philadelphia 76ers）
1998-10-16,内特-麦克米兰,"伊凯-阿尼博古,(Ike Anigbogu)",13,C,印第安纳步行者（Indiana Pacers）
1995-05-13,内特-麦克米兰,"本-摩尔,(Ben Moore)",26,F,印第安纳步行者（Indiana Pacers）
1989-05-26,内特-麦克米兰,"奥马里-约翰逊,(Omari Johnson)",14,F,印第安纳步行者（Indiana Pacers）
1995-11-14,内特-麦克米兰,"伊莱贾-斯图尔特,(Elijah Stewart)",9,G,印第安纳步行者（Indiana Pacers）
1997-10-03,史蒂夫-克利福德,"乔纳森-艾萨克,(Jonathan Isaac)",1,F,奥兰多魔术（Orlando Magic）
1998-05-12,史蒂夫-克利福德,"穆罕默德-班巴,(Mohamed Bamba)",5,C,奥兰多魔术（Orlando Magic）
1992-10-09,史蒂夫-克利福德,"杰里安-格兰特,(Jerian Grant)",22,G,奥兰多魔术（Orlando Magic）
1994-05-24,史蒂夫-克利福德,"贾雷尔-马丁,(Jarell Martin)",2,F,奥兰多魔术（Orlando Magic）
1992-09-28,史蒂夫-克利福德,"肯-伯奇,(Khem Birch)",24,F,奥兰多魔术（Orlando Magic）
1997-02-25,迈克-布登霍尔泽,"索恩-梅克,(Thon Maker)",7,C-F,密尔沃基雄鹿（Milwaukee Bucks）
1996-02-19,迈克-布登霍尔泽,"DJ-威尔森,(D.J. Wilson)",5,F,密尔沃基雄鹿（Milwaukee Bucks）
1997-01-31,迈克-布登霍尔泽,"唐特-迪温琴佐,(Donte DiVincenzo)",9,G,密尔沃基雄鹿（Milwaukee Bucks）
1990-01-17,迈克-布登霍尔泽,"泰勒-泽勒,(Tyler Zeller)",44,C,密尔沃基雄鹿（Milwaukee Bucks）
1996-03-05,大卫-菲兹代尔,"伊曼纽尔-穆迪埃,(Emmanuel Mudiay)",1,G,纽约尼克斯（New York Knicks）
1998-07-28,大卫-菲兹代尔,"弗朗克-尼利基纳,(Frank Ntilikina)",11,G,纽约尼克斯（New York Knicks）
1999-08-11,大卫-菲兹代尔,"凯文-诺克斯,(Kevin Knox)",20,F,纽约尼克斯（New York Knicks）
1995-08-24,大卫-菲兹代尔,"诺阿-冯莱,(Noah Vonleh)",32,F,纽约尼克斯（New York Knicks）
1992-11-12,大卫-菲兹代尔,"特雷-伯克,(Trey Burke)",23,G,纽约尼克斯（New York Knicks）
1995-07-15,大卫-菲兹代尔,"卢克-科内特,(Luke Kornet)",2,F-C,纽约尼克斯（New York Knicks）
1991-06-29,尼克-纳斯,"科怀-伦纳德,(Kawhi Leonard)",2,F,多伦多猛龙（Toronto Raptors）
1992-05-06,尼克-纳斯,"约纳斯-瓦兰丘纳斯,(Jonas Valanciunas)",17,C,多伦多猛龙（Toronto Raptors）
1987-06-22,尼克-纳斯,"丹尼-格林,(Danny Green)",14,G-F,多伦多猛龙（Toronto Raptors）
1993-05-25,尼克-纳斯,"诺曼-鲍威尔,(Norman Powell)",24,F-G,多伦多猛龙（Toronto Raptors）
1994-02-25,尼克-纳斯,"弗雷德-范弗利特,(Fred VanVleet)",23,G,多伦多猛龙（Toronto Raptors）
1987-03-18,尼克-纳斯,"CJ-迈尔斯,(CJ Miles)",0,F-G,多伦多猛龙（Toronto Raptors）
1994-09-14,迈克尔-马龙,"加里-哈里斯,(Gary Harris)",14,G,丹佛掘金（Denver Nuggets）
1990-03-05,迈克尔-马龙,"梅森-普拉姆利,(Mason Plumlee)",24,F-C,丹佛掘金（Denver Nuggets）
1991-01-06,迈克尔-马龙,"威尔-巴顿,(Will Barton)",5,G,丹佛掘金（Denver Nuggets）
1997-02-23,迈克尔-马龙,"贾马尔-默里,(Jamal Murray)",27,G,丹佛掘金（Denver Nuggets）
1995-11-05,迈克尔-马龙,"特雷-莱尔斯,(Trey Lyles)",7,F,丹佛掘金（Denver Nuggets）
1988-08-23,劳埃德-皮尔斯,"林书豪,(Jeremy Lin)",7,G,亚特兰大老鹰（Atlanta Hawks）
1988-09-01,劳埃德-皮尔斯,"迈尔斯-普拉姆利,(Miles Plumlee)",18,C,亚特兰大老鹰（Atlanta Hawks）
1989-08-12,劳埃德-皮尔斯,"德维恩-戴德蒙,(Dewayne Dedmon)",14,C,亚特兰大老鹰（Atlanta Hawks）
1998-09-19,劳埃德-皮尔斯,"特雷-杨,(Trae Young)",11,G,亚特兰大老鹰（Atlanta Hawks）
1993-01-01,泰伦-卢,"小拉里-南斯,(Larry Nance Jr.)",22,F,克利夫兰骑士（Cleveland Cavaliers）
1997-01-04,泰伦-卢,"安特-日日奇,(Ante Zizic)",41,C,克利夫兰骑士（Cleveland Cavaliers）
1994-07-11,泰伦-卢,"以赛亚-泰勒,(Isaiah Taylor)",4,G,克利夫兰骑士（Cleveland Cavaliers）
1997-07-04,泰伦-卢,"科比-西蒙斯,(Kobi Simmons)",24,G,克利夫兰骑士（Cleveland Cavaliers）
1987-10-02,奎因-斯奈德,"乔-英格尔斯,(Joe Ingles)",2,F,犹他爵士（Utah Jazz）
1991-07-20,奎因-斯奈德,"亚历克-伯克斯,(Alec Burks)",10,G,犹他爵士（Utah Jazz）
1995-07-13,奎因-斯奈德,"丹特-埃克萨姆,(Dante Exum)",11,G,犹他爵士（Utah Jazz）
1990-07-06,奎因-斯奈德,"杰-克劳德,(Jae Crowder)",99,F,犹他爵士（Utah Jazz）
1994-02-02,弗雷德-霍伊博格,"安东尼斯-克利夫兰,(Antonius Cleveland)",0,G,芝加哥公牛（Chicago Bulls）
1996-10-04,弗雷德-霍伊博格,"安东尼奥-布莱克尼,(Antonio Blakeney)",9,G,芝加哥公牛（Chicago Bulls）
1995-04-03,弗雷德-霍伊博格,"德里克-沃顿,(Derrick Walton Jr.)",11,G,芝加哥公牛（Chicago Bulls）
1994-03-26,弗雷德-霍伊博格,"瑞安-阿西迪亚科诺,(Ryan Arcidiacono)",51,G,芝加哥公牛（Chicago Bulls）
1970-01-01,弗雷德-霍伊博格,"凯泽-盖茨,(Kaiser Gates)",11,F,芝加哥公牛（Chicago Bulls）
1989-03-16,德韦恩-凯西,"布雷克-格里芬,(Blake Griffin)",23,F,底特律活塞（Detroit Pistons）
1993-08-10,德韦恩-凯西,"安德烈-德拉蒙德,(Andre Drummond)",0,C,底特律活塞（Detroit Pistons）
1984-06-24,布雷特-布朗,"JJ-雷迪克,(JJ Redick)",17,G,费城76人（Philadelphia 76ers）
1990-12-14,布雷特-布朗,"罗伯特-科温顿,(Robert Covington)",33,F,费城76人（Philadelphia 76ers）
1988-08-20,布雷特-布朗,"杰里-贝勒斯,(Jerryd Bayless)",0,G,费城76人（Philadelphia 76ers）
1998-05-29,布雷特-布朗,"马克尔-富尔茨,(Markelle Fultz)",20,G,费城76人（Philadelphia 76ers）
1996-07-20,布雷特-布朗,"本-西蒙斯,(Ben Simmons)",25,G-F,费城76人（Philadelphia 76ers）
1990-03-23,布拉德-史蒂文斯,"戈登-海沃德,(Gordon Hayward)",20,F,波士顿凯尔特人（Boston Celtics）
1986-06-03,布拉德-史蒂文斯,"艾尔-霍弗德,(Al Horford)",42,F-C,波士顿凯尔特人（Boston Celtics）
1992-03-23,布拉德-史蒂文斯,"凯里-欧文,(Kyrie Irving)",11,G,波士顿凯尔特人（Boston Celtics）
1996-04-22,内特-麦克米兰,"阿利兹-约翰逊 ,(Alize Johnson)",24,F,印第安纳步行者（Indiana Pacers）
1990-12-30,内特-麦克米兰,"CJ-威尔考克斯,(CJ Wilcox)",,G,印第安纳步行者（Indiana Pacers）
1995-12-31,内特-麦克米兰,"埃德蒙-萨姆纳,(Edmond Sumner)",5,G,印第安纳步行者（Indiana Pacers）
1994-12-20,史蒂夫-克利福德,"韦斯利-艾旺杜,(Wesley Iwundu)",25,F,奥兰多魔术（Orlando Magic）
1996-08-30,史蒂夫-克利福德,"梅尔文-弗雷泽,(Melvin Frazier)",35,F-G,奥兰多魔术（Orlando Magic）
1996-04-13,史蒂夫-克利福德,"以赛亚-布里斯科,(Isaiah Briscoe)",13,G,奥兰多魔术（Orlando Magic）
1994-04-06,史蒂夫-克利福德,"安戈拉-罗达斯,(Braian Angola-Rodas)",27,G,奥兰多魔术（Orlando Magic）
1988-11-12,比利-多诺万,"拉塞尔-威斯布鲁克,(Russell Westbrook)",0,G,俄克拉荷马城雷霆（Oklahoma City Thunder）
1990-05-02,比利-多诺万,"保罗-乔治,(Paul George)",13,F,俄克拉荷马城雷霆（Oklahoma City Thunder）
1992-11-13,迈克-布登霍尔泽,"沙巴兹-穆罕默德,(Shabazz Muhammad)",15,G-F,密尔沃基雄鹿（Milwaukee Bucks）
1993-01-06,迈克-布登霍尔泽,"帕特-康诺顿,(Pat Connaughton)",24,G-F,密尔沃基雄鹿（Milwaukee Bucks）
1992-12-11,迈克-布登霍尔泽,"马尔科姆-布罗格登,(Malcolm Brogdon)",13,G,密尔沃基雄鹿（Milwaukee Bucks）
1995-02-10,迈克-布登霍尔泽,"斯特林-布朗,(Sterling Brown)",23,G,密尔沃基雄鹿（Milwaukee Bucks）
1995-09-27,迈克-布登霍尔泽,"克里斯蒂安-沃德,(Christian Wood)",,F,密尔沃基雄鹿（Milwaukee Bucks）
1990-07-15,特里-斯托茨,"达米安-利拉德,(Damian Lillard)",0,G,波特兰开拓者（Portland Trail Blazers）
1994-05-06,大卫-菲兹代尔,"丹伊恩-多特森,(Damyean Dotson)",21,G,纽约尼克斯（New York Knicks）
1998-04-01,大卫-菲兹代尔,"米切尔-罗宾逊,(Mitchell Robinson)",26,C,纽约尼克斯（New York Knicks）
1993-01-15,大卫-菲兹代尔,"卡迪姆-阿伦,(Kadeem Allen)",0,G,纽约尼克斯（New York Knicks）
1994-07-24,大卫-菲兹代尔,"以赛亚-希克斯,(Isaiah Hicks)",4,F,纽约尼克斯（New York Knicks）
1995-02-23,汤姆-锡伯杜,"安德鲁-威金斯,(Andrew Wiggins)",22,F,明尼苏达森林狼（Minnesota Timberwolves）
1988-06-10,汤姆-锡伯杜,"杰夫-蒂格,(Jeff Teague)",0,G,明尼苏达森林狼（Minnesota Timberwolves）
1992-04-26,尼克-纳斯,"德朗-赖特,(Delon Wright)",55,G,多伦多猛龙（Toronto Raptors）
1990-06-04,尼克-纳斯,"格雷格-门罗,(Greg Monroe)",15,C,多伦多猛龙（Toronto Raptors）
1997-07-17,尼克-纳斯,"OG-阿奴诺比,(OG Anunoby)",3,F,多伦多猛龙（Toronto Raptors）
1990-08-26,尼克-纳斯,"洛伦佐-布朗,(Lorenzo Brown)",4,G,多伦多猛龙（Toronto Raptors）
1998-06-29,迈克尔-马龙,"迈克尔-波特,(Michael Porter Jr.)",1,F,丹佛掘金（Denver Nuggets）
1995-09-28,迈克尔-马龙,"胡安-埃尔南戈麦斯,(Juancho Hernangomez)",41,F,丹佛掘金（Denver Nuggets）
1989-02-07,迈克尔-马龙,"以赛亚-托马斯,(Isaiah Thomas)",0,G,丹佛掘金（Denver Nuggets）
1990-12-19,迈克尔-马龙,"托里-克雷格,(Torrey Craig)",3,F,丹佛掘金（Denver Nuggets）
1993-06-16,劳埃德-皮尔斯,"亚历克斯-莱恩,(Alex Len)",25,C,亚特兰大老鹰（Atlanta Hawks）
1994-03-22,劳埃德-皮尔斯,"托里恩-普林斯,(Taurean Prince)",12,F,亚特兰大老鹰（Atlanta Hawks）
1993-11-19,劳埃德-皮尔斯,"贾斯廷-安德森,(Justin Anderson)",1,G-F,亚特兰大老鹰（Atlanta Hawks）
1977-01-26,劳埃德-皮尔斯,"文斯-卡特,(Vince Carter)",15,G-F,亚特兰大老鹰（Atlanta Hawks）
1997-09-23,劳埃德-皮尔斯,"约翰-科林斯,(John Collins)",20,F-C,亚特兰大老鹰（Atlanta Hawks）
1993-01-14,泰伦-卢,"大卫-努瓦巴,(David Nwaba)",12,G,克利夫兰骑士（Cleveland Cavaliers）
1996-01-12,泰伦-卢,"邦齐-科尔森,(Bonzie Colson)",35,F,克利夫兰骑士（Cleveland Cavaliers）
1988-11-06,泰伦-卢,"约翰-霍兰,(John Holland)",10,G,克利夫兰骑士（Cleveland Cavaliers）
1997-10-26,泰伦-卢,"比利-普莱斯顿,(Billy Preston)",20,F,克利夫兰骑士（Cleveland Cavaliers）
1992-10-03,泰伦-卢,"勒维-兰多夫,(Levi Randolph)",6,G,克利夫兰骑士（Cleveland Cavaliers）
1984-05-02,奎因-斯奈德,"萨博-塞福洛沙,(Thabo Sefolosha)",22,F,犹他爵士（Utah Jazz）
1987-05-20,奎因-斯奈德,"艾派-尤度,(Ekpe Udoh)",33,F-C,犹他爵士（Utah Jazz）
1996-09-07,奎因-斯奈德,"多诺万-米切尔,(Donovan Mitchell)",45,G,犹他爵士（Utah Jazz）
1992-05-19,奎因-斯奈德,"劳尔-内托,(Raul Neto)",25,G,犹他爵士（Utah Jazz）
1997-10-29,弗雷德-霍伊博格,"罗尔-阿尔金斯,(Rawle Alkins)",20,G,芝加哥公牛（Chicago Bulls）
1990-04-16,德韦恩-凯西,"雷吉-杰克逊,(Reggie Jackson)",1,G,底特律活塞（Detroit Pistons）
1989-05-14,德韦恩-凯西,"乔恩-洛伊尔,(Jon Leuer)",30,F,底特律活塞（Detroit Pistons）
1991-12-09,德韦恩-凯西,"兰斯顿-加洛韦,(Langston Galloway)",9,G,底特律活塞（Detroit Pistons）
1988-07-05,德韦恩-凯西,"伊斯梅尔-史密斯,(Ish Smith)",14,G,底特律活塞（Detroit Pistons）
1991-07-01,布雷特-布朗,"迈克-穆斯卡拉,(Mike Muscala)",31,F-C,费城76人（Philadelphia 76ers）
1999-06-04,布雷特-布朗,"扎伊尔-史密斯,(Zhaire Smith)",8,G,费城76人（Philadelphia 76ers）
1994-04-08,布雷特-布朗,"达里奥-沙里奇,(Dario Saric)",9,F,费城76人（Philadelphia 76ers）
1982-09-28,布雷特-布朗,"埃梅卡-奥卡福,(Emeka Okafor)",50,C,费城76人（Philadelphia 76ers）
1987-05-01,布雷特-布朗,"阿米尔-约翰逊,(Amir Johnson)",5,C-F,费城76人（Philadelphia 76ers）
1994-03-06,布拉德-史蒂文斯,"马库斯-斯马特,(Marcus Smart)",36,G,波士顿凯尔特人（Boston Celtics）
1998-03-03,布拉德-史蒂文斯,"杰森-塔特姆,(Jayson Tatum)",0,F,波士顿凯尔特人（Boston Celtics）
1989-09-02,布拉德-史蒂文斯,"马库斯-莫里斯,(Marcus Morris)",13,F,波士顿凯尔特人（Boston Celtics）
1986-12-09,布拉德-史蒂文斯,"阿隆-贝恩斯,(Aron Baynes)",46,F-C,波士顿凯尔特人（Boston Celtics）
1996-10-24,布拉德-史蒂文斯,"杰伦-布朗,(Jaylen Brown)",7,F,波士顿凯尔特人（Boston Celtics）
1995-03-29,史蒂夫-克利福德,"德温-戴维斯,(Devin Davis)",,F,奥兰多魔术（Orlando Magic）
1993-05-07,史蒂夫-克利福德,"阿米尔-杰弗森,(Amile Jefferson)",11,F,奥兰多魔术（Orlando Magic）
1995-11-29,史蒂夫-克利福德,"特洛伊-科佩恩,(Troy Caupain)",3,G,奥兰多魔术（Orlando Magic）
1989-06-13,埃里克-斯波尔斯特拉,"哈桑-怀特塞德,(Hassan Whiteside)",21,C,迈阿密热火（Miami Heat）
1992-05-07,埃里克-斯波尔斯特拉,"泰勒-约翰逊,(Tyler Johnson)",8,G,迈阿密热火（Miami Heat）
1993-07-20,比利-多诺万,"史蒂文-亚当斯,(Steven Adams)",12,C,俄克拉荷马城雷霆（Oklahoma City Thunder）
1993-09-15,比利-多诺万,"丹尼斯-施罗德,(Dennis Schroder)",17,G,俄克拉荷马城雷霆（Oklahoma City Thunder）
1991-12-04,比利-多诺万,"安德烈-罗伯森,(Andre Roberson)",21,G-F,俄克拉荷马城雷霆（Oklahoma City Thunder）
1994-03-12,比利-多诺万,"杰拉米-格兰特,(Jerami Grant)",9,F,俄克拉荷马城雷霆（Oklahoma City Thunder）
1995-09-19,迈克-布登霍尔泽,"杰伦-莫里斯,(Jaylen Morris)",30,G,密尔沃基雄鹿（Milwaukee Bucks）
1998-08-03,迈克-布登霍尔泽,"特雷旺-杜瓦尔,(Trevon Duval)",0,G,密尔沃基雄鹿（Milwaukee Bucks）
1991-09-19,特里-斯托茨,"CJ-麦科勒姆,(CJ McCollum)",3,G,波特兰开拓者（Portland Trail Blazers）
1988-10-27,特里-斯托茨,"埃文-特纳,(Evan Turner)",1,G-F,波特兰开拓者（Portland Trail Blazers）
1994-08-23,特里-斯托茨,"优素福-努尔基奇,(Jusuf Nurkic)",27,C,波特兰开拓者（Portland Trail Blazers）
1992-02-27,特里-斯托茨,"迈耶斯-伦纳德,(Meyers Leonard)",11,F-C,波特兰开拓者（Portland Trail Blazers）
1996-01-17,大卫-菲兹代尔,"阿隆佐-特里尔,(Allonzo Trier)",14,G,纽约尼克斯（New York Knicks）
1991-03-06,大卫-菲兹代尔,"约翰-詹金斯,(John Jenkins)",,G,纽约尼克斯（New York Knicks）
1994-12-30,大卫-菲兹代尔,",(Paul Watson)",,G,纽约尼克斯（New York Knicks）
1989-09-14,汤姆-锡伯杜,"吉米-巴特勒,(Jimmy Butler)",23,G-F,明尼苏达森林狼（Minnesota Timberwolves）
1990-01-18,汤姆-锡伯杜,"戈尔吉-吉昂,(Gorgui Dieng)",5,C,明尼苏达森林狼（Minnesota Timberwolves）
1985-06-24,汤姆-锡伯杜,"泰-吉布森,(Taj Gibson)",67,F,明尼苏达森林狼（Minnesota Timberwolves）
1991-12-24,尼克-纳斯,"埃里克-莫兰,(Eric Moreland)",1,C,多伦多猛龙（Toronto Raptors）
1996-01-05,尼克-纳斯,"马拉奇-理查德森,(Malachi Richardson)",22,G,多伦多猛龙（Toronto Raptors）
1995-03-29,尼克-纳斯,"凯-费尔德,(Kay Felder)",20,G,多伦多猛龙（Toronto Raptors）
1991-10-03,尼克-纳斯,"凯尔-科林斯沃思,(Kyle Collinsworth)",5,G,多伦多猛龙（Toronto Raptors）
1994-04-02,尼克-纳斯,"帕斯卡尔-西亚卡姆,(Pascal Siakam)",43,F,多伦多猛龙（Toronto Raptors）
1996-04-09,迈克尔-马龙,"泰勒-莱登,(Tyler Lydon)",20,F,丹佛掘金（Denver Nuggets）
1996-11-26,迈克尔-马龙,"马利克-比斯利,(Malik Beasley)",25,G,丹佛掘金（Denver Nuggets）
1988-01-22,迈克尔-马龙,"泽维尔-西拉斯,(Xavier Silas)",13,G,丹佛掘金（Denver Nuggets）
1995-06-27,迈克尔-马龙,"蒙特-莫里斯,(Monte Morris)",11,G,丹佛掘金（Denver Nuggets）
1999-04-03,迈克尔-马龙,"贾里德-范德比尔特,(Jarred Vanderbilt)",8,F,丹佛掘金（Denver Nuggets）
1998-08-27,劳埃德-皮尔斯,"凯文-赫尔特,(Kevin Huerter)",3,G,亚特兰大老鹰（Atlanta Hawks）
1991-03-17,劳埃德-皮尔斯,"托马斯-鲁滨逊,(Thomas Robinson)",0,F,亚特兰大老鹰（Atlanta Hawks）
1994-07-04,劳埃德-皮尔斯,"德安德烈-本布里,(DeAndre' Bembry)",95,F,亚特兰大老鹰（Atlanta Hawks）
1997-07-21,劳埃德-皮尔斯,"奥马里-斯佩尔曼,(Omari Spellman)",6,F,亚特兰大老鹰（Atlanta Hawks）
1995-10-08,奎因-斯奈德,"格雷森-阿伦,(Grayson Allen)",24,G,犹他爵士（Utah Jazz）
1998-01-08,奎因-斯奈德,"托尼-布拉德利,(Tony Bradley)",13,C,犹他爵士（Utah Jazz）
1993-06-17,奎因-斯奈德,"乔治-尼昂,(Georges Niang)",31,F,犹他爵士（Utah Jazz）
1993-06-05,奎因-斯奈德,"罗伊斯-奥尼尔,(Royce O'Neale)",23,F,犹他爵士（Utah Jazz）
1993-08-03,奎因-斯奈德,"纳兹-米特鲁-朗,(Naz Mitrou-Long)",30,G,犹他爵士（Utah Jazz）
1994-01-08,德韦恩-凯西,"格伦-罗宾逊三世,(Glenn Robinson III)",22,G-F,底特律活塞（Detroit Pistons）
1996-05-29,德韦恩-凯西,"斯坦利-约翰逊,(Stanley Johnson)",7,F,底特律活塞（Detroit Pistons）
1996-06-24,德韦恩-凯西,"卢克-肯纳德,(Luke Kennard)",5,G,底特律活塞（Detroit Pistons）
1991-03-16,德韦恩-凯西,"雷吉-布洛克,(Reggie Bullock)",25,F,底特律活塞（Detroit Pistons）
1981-09-28,德韦恩-凯西,"何塞-卡尔德隆,(Jose Calderon)",81,G,底特律活塞（Detroit Pistons）
1984-02-10,德韦恩-凯西,"扎扎-帕楚里亚,(Zaza Pachulia)",27,C,底特律活塞（Detroit Pistons）
1997-03-13,布雷特-布朗,"兰德里-沙梅特,(Landry Shamet)",23,G,费城76人（Philadelphia 76ers）
1992-03-25,布雷特-布朗,"TJ-麦康奈尔,(T.J. McConnell)",12,G,费城76人（Philadelphia 76ers）
1992-10-10,布雷特-布朗,"安东尼-布朗,(Anthony Brown)",14,F-G,费城76人（Philadelphia 76ers）
1997-07-24,布雷特-布朗,"富尔坎-科尔克马兹,(Furkan Korkmaz)",30,G-F,费城76人（Philadelphia 76ers）
1994-09-07,布雷特-布朗,"迪米特里厄斯-杰克逊,(Demetrius Jackson)",11,G,费城76人（Philadelphia 76ers）
1994-03-17,布拉德-史蒂文斯,"特里-罗齐尔,(Terry Rozier)",12,G,波士顿凯尔特人（Boston Celtics）
1995-12-17,布拉德-史蒂文斯,"盖尔雄-亚布塞莱,(Guerschon Yabusele)",30,F,波士顿凯尔特人（Boston Celtics）
1997-10-17,布拉德-史蒂文斯,"罗伯特-威廉姆斯,(Robert Williams III)",44,C-F,波士顿凯尔特人（Boston Celtics）
1992-04-04,布拉德-史蒂文斯,"丹尼尔-泰斯,(Daniel Theis)",27,F,波士顿凯尔特人（Boston Celtics）
1992-04-09,肯尼-阿特金森,"阿伦-克拉布,(Allen Crabbe)",33,G-F,布鲁克林篮网（Brooklyn Nets）
1986-07-27,肯尼-阿特金森,"德马雷-卡罗尔,(DeMarre Carroll)",9,F,布鲁克林篮网（Brooklyn Nets）
1989-11-19,肯尼-阿特金森,"肯尼思-法里德,(Kenneth Faried)",35,F-C,布鲁克林篮网（Brooklyn Nets）
1986-05-06,埃里克-斯波尔斯特拉,"戈兰-德拉季奇,(Goran Dragic)",7,G,迈阿密热火（Miami Heat）
1987-02-20,埃里克-斯波尔斯特拉,"詹姆斯-约翰逊,(James Johnson)",16,F,迈阿密热火（Miami Heat）
1991-12-10,埃里克-斯波尔斯特拉,"迪昂-韦特斯,(Dion Waiters)",11,G,迈阿密热火（Miami Heat）
1991-04-19,埃里克-斯波尔斯特拉,"凯利-奥利尼克,(Kelly Olynyk)",9,F,迈阿密热火（Miami Heat）
1993-09-15,埃里克-斯波尔斯特拉,"约什-理查德森,(Josh Richardson)",0,F,迈阿密热火（Miami Heat）
1993-08-01,比利-多诺万,"亚历克斯-阿夫里内斯,(Alex Abrines)",8,G-F,俄克拉荷马城雷霆（Oklahoma City Thunder）
1989-03-14,比利-多诺万,"帕特里克-帕特森,(Patrick Patterson)",54,F,俄克拉荷马城雷霆（Oklahoma City Thunder）
1984-06-26,比利-多诺万,"雷蒙德-费尔顿,(Raymond Felton)",2,G,俄克拉荷马城雷霆（Oklahoma City Thunder）
1998-05-17,比利-多诺万,"特伦斯-弗格森,(Terrance Ferguson)",23,G,俄克拉荷马城雷霆（Oklahoma City Thunder）
1993-05-11,特里-斯托茨,"莫里斯-哈克利斯,(Maurice Harkless)",4,F,波特兰开拓者（Portland Trail Blazers）
1990-09-21,特里-斯托茨,"艾尔-法鲁克-阿米奴,(Al-Farouq Aminu)",8,F,波特兰开拓者（Portland Trail Blazers）
1997-11-19,特里-斯托茨,"扎克-科林斯,(Zach Collins)",33,F-C,波特兰开拓者（Portland Trail Blazers）
1990-08-23,特里-斯托茨,"塞思-库里,(Seth Curry)",31,G,波特兰开拓者（Portland Trail Blazers）
1999-06-08,特里-斯托茨,"安芬尼-西蒙斯,(Anfernee Simons)",24,G,波特兰开拓者（Portland Trail Blazers）
1997-04-18,特里-斯托茨,"凯莱布-斯瓦尼根,(Caleb Swanigan)",50,F,波特兰开拓者（Portland Trail Blazers）
1995-11-15,汤姆-锡伯杜,"卡尔-安东尼-唐斯,(Karl-Anthony Towns)",32,F-C,明尼苏达森林狼（Minnesota Timberwolves）
1985-06-01,汤姆-锡伯杜,"安东尼-托利弗,(Anthony Tolliver)",43,F,明尼苏达森林狼（Minnesota Timberwolves）
1997-06-14,汤姆-锡伯杜,"贾斯廷-巴顿,(Justin Patton)",24,C,明尼苏达森林狼（Minnesota Timberwolves）
1996-05-10,汤姆-锡伯杜,"泰厄斯-琼斯,(Tyus Jones)",1,G,明尼苏达森林狼（Minnesota Timberwolves）
1985-04-16,汤姆-锡伯杜,"洛尔-邓,(Luol Deng)",9,F,明尼苏达森林狼（Minnesota Timberwolves）
1997-02-01,尼克-纳斯,"邓-阿德尔,(Deng Adel)",12,F,多伦多猛龙（Toronto Raptors）
1993-01-11,尼克-纳斯,"克里斯-布歇,(Chris Boucher)",25,F,多伦多猛龙（Toronto Raptors）
1993-07-27,尼克-纳斯,"乔丹-劳埃德,(Jordan Loyd)",8,G,多伦多猛龙（Toronto Raptors）
1993-06-05,迈克尔-马龙,"德沃恩 库恩-珀塞尔,(DeVaughn Akoon-Purcell)",23,G-F,丹佛掘金（Denver Nuggets）
1995-08-21,迈克尔-马龙,"伊曼努尔-特里,(Emanuel Terry)",22,F,丹佛掘金（Denver Nuggets）
1996-02-03,迈克尔-马龙,"托马斯-韦尔什,(Thomas Welsh)",45,C,丹佛掘金（Denver Nuggets）
1993-10-24,劳埃德-皮尔斯,"RJ-亨特,(RJ Hunter)",4,G,亚特兰大老鹰（Atlanta Hawks）
1996-02-18,劳埃德-皮尔斯,"泰勒-多西,(Tyler Dorsey)",2,G,亚特兰大老鹰（Atlanta Hawks）
1995-08-08,劳埃德-皮尔斯,"丹尼尔-汉密尔顿,(Daniel Hamilton)",5,G-F,亚特兰大老鹰（Atlanta Hawks）
1996-05-04,劳埃德-皮尔斯,"杰伦-亚当斯,(Jaylen Adams)",10,G,亚特兰大老鹰（Atlanta Hawks）
1993-09-06,劳埃德-皮尔斯,"亚历克斯-波伊思雷斯,(Alex Poythress)",22,F,亚特兰大老鹰（Atlanta Hawks）
1994-03-13,奎因-斯奈德,"以赛亚-考辛斯,(Isaiah Cousins)",,G,犹他爵士（Utah Jazz）
1994-02-09,奎因-斯奈德,"泰勒-卡瓦诺,(Tyler Cavanaugh)",34,F,犹他爵士（Utah Jazz）
1995-07-06,奎因-斯奈德,"乔勒斯-莱尔斯,(Jairus Lyles)",8,G,犹他爵士（Utah Jazz）
1995-10-02,奎因-斯奈德,"艾萨克-哈斯,(Isaac Haas)",44,C,犹他爵士（Utah Jazz）
1997-01-13,德韦恩-凯西,"亨利-埃伦森,(Henry Ellenson)",8,F,底特律活塞（Detroit Pistons）
1995-02-05,德韦恩-凯西,"克里斯-麦卡洛,(Chris McCullough)",20,F,底特律活塞（Detroit Pistons）
1994-02-03,德韦恩-凯西,"约翰尼-汉密尔顿,(Johnny Hamilton)",24,C,底特律活塞（Detroit Pistons）
1992-11-18,德韦恩-凯西,"扎克-洛夫顿,(Zach Lofton)",18,G,底特律活塞（Detroit Pistons）
1996-08-15,德韦恩-凯西,"布鲁斯-布朗,(Bruce Brown)",6,G,底特律活塞（Detroit Pistons）
1996-05-08,德韦恩-凯西,"凯里-托马斯,(Khyri Thomas)",13,G,底特律活塞（Detroit Pistons）
1996-01-02,布雷特-布朗,"乔纳-博尔登,(Jonah Bolden)",43,F,费城76人（Philadelphia 76ers）
1993-02-03,布雷特-布朗,"诺维尔-佩尔,(Norvel Pelle)",1,C,费城76人（Philadelphia 76ers）
1996-09-26,布雷特-布朗,"谢克-米尔顿,(Shake Milton)",18,G,费城76人（Philadelphia 76ers）
1994-12-05,布拉德-史蒂文斯,"谢米-奥杰莱,(Semi Ojeleye)",37,F,波士顿凯尔特人（Boston Celtics）
1994-07-03,布拉德-史蒂文斯,"贾巴里-伯德,(Jabari Bird)",26,G,波士顿凯尔特人（Boston Celtics）
1989-07-25,布拉德-史蒂文斯,"布拉德-沃纳梅克,(Brad Wanamaker)",9,G,波士顿凯尔特人（Boston Celtics）
1996-08-20,布拉德-史蒂文斯,"杰夫-罗伯逊,(Jeff Roberson)",28,F,波士顿凯尔特人（Boston Celtics）
1996-10-25,布拉德-史蒂文斯,"PJ-多齐尔,(PJ Dozier)",50,G-F,波士顿凯尔特人（Boston Celtics）
1992-07-26,布拉德-史蒂文斯,"沃尔特-莱蒙,(Walter Lemon Jr.)",45,G,波士顿凯尔特人（Boston Celtics）
1985-07-10,肯尼-阿特金森,"贾里德-杜德利,(Jared Dudley)",6,F,布鲁克林篮网（Brooklyn Nets）
1991-09-06,肯尼-阿特金森,"乔-哈里斯,(Joe Harris)",12,G-F,布鲁克林篮网（Brooklyn Nets）
1996-02-23,肯尼-阿特金森,"丹吉洛-拉塞尔,(D'Angelo Russell)",1,G,布鲁克林篮网（Brooklyn Nets）
1989-06-05,肯尼-阿特金森,"埃德-戴维斯,(Ed Davis)",17,C,布鲁克林篮网（Brooklyn Nets）
1995-01-03,肯尼-阿特金森,"朗戴-霍利斯-杰弗森,(Rondae Hollis-Jefferson)",24,F,布鲁克林篮网（Brooklyn Nets）
1988-03-14,史蒂夫-科尔,"斯蒂芬-库里,(Stephen Curry)",30,G,金州勇士（Golden State Warriors）
1987-11-29,埃里克-斯波尔斯特拉,"韦恩-艾灵顿,(Wayne Ellington)",2,G,迈阿密热火（Miami Heat）
1996-03-26,埃里克-斯波尔斯特拉,"贾斯蒂斯-温斯洛,(Justise Winslow)",20,F,迈阿密热火（Miami Heat）
1997-07-18,埃里克-斯波尔斯特拉,"巴姆-阿德巴约,(Bam Adebayo)",13,C-F,迈阿密热火（Miami Heat）
1982-01-17,埃里克-斯波尔斯特拉,"德维恩-韦德,(Dwyane Wade)",3,G,迈阿密热火（Miami Heat）
1980-06-09,埃里克-斯波尔斯特拉,"犹多尼斯-哈斯勒姆,(Udonis Haslem)",40,F,迈阿密热火（Miami Heat）
1994-04-10,比利-多诺万,"纳伦斯-诺埃尔,(Nerlens Noel)",3,F-C,俄克拉荷马城雷霆（Oklahoma City Thunder）
1995-05-09,比利-多诺万,"蒂莫泰-卢瓦乌-卡巴罗,(Timothe Luwawu-Cabarrot)",7,G-F,俄克拉荷马城雷霆（Oklahoma City Thunder）
1993-09-25,比利-多诺万,"阿卜杜勒-纳迪尔,(Abdel Nader)",11,F,俄克拉荷马城雷霆（Oklahoma City Thunder）
1998-07-31,比利-多诺万,"哈米杜-迪亚洛,(Hamidou Diallo)",6,G,俄克拉荷马城雷霆（Oklahoma City Thunder）
1995-01-18,比利-多诺万,"布赖斯-奥尔福德,(Bryce Alford)",22,G,俄克拉荷马城雷霆（Oklahoma City Thunder）
1993-10-07,特里-斯托茨,"尼克-斯陶斯卡斯,(Nik Stauskas)",6,G,波特兰开拓者（Portland Trail Blazers）
1996-03-29,特里-斯托茨,"韦德-鲍德温,(Wade Baldwin IV)",2,G,波特兰开拓者（Portland Trail Blazers）
1992-12-01,特里-斯托茨,"加里-佩顿二世,(Gary Payton II)",5,G,波特兰开拓者（Portland Trail Blazers）
1996-11-01,特里-斯托茨,"齐纳努-欧努阿库,(Chinanu Onuaku)",21,C,波特兰开拓者（Portland Trail Blazers）
1994-03-07,特里-斯托茨,"杰克-莱曼,(Jake Layman)",10,F,波特兰开拓者（Portland Trail Blazers）
1988-10-04,汤姆-锡伯杜,"德里克-罗斯,(Derrick Rose)",25,G,明尼苏达森林狼（Minnesota Timberwolves）
1998-09-01,汤姆-锡伯杜,"约什-奥科吉,(Josh Okogie)",20,G,明尼苏达森林狼（Minnesota Timberwolves）
1990-07-14,汤姆-锡伯杜,"詹姆斯-农纳利,(James Nunnally)",7,F,明尼苏达森林狼（Minnesota Timberwolves）
1989-09-28,汤姆-锡伯杜,"德莱斯 约翰逊-奥多姆,(Darius Johnson-Odom)",13,G,明尼苏达森林狼（Minnesota Timberwolves）
1995-05-23,汤姆-锡伯杜,"乔纳森-斯塔克,(Jonathan Stark)",6,G,明尼苏达森林狼（Minnesota Timberwolves）
1996-01-23,汤姆-锡伯杜,"凯塔-贝茨-迪奥普,(Keita Bates-Diop)",33,F,明尼苏达森林狼（Minnesota Timberwolves）
1991-08-14,德韦恩-凯西,"雷吉-赫恩,(Reggie Hearn)",37,G,底特律活塞（Detroit Pistons）
1996-08-23,德韦恩-凯西,"基南-埃文斯,(Keenan Evans)",12,G,底特律活塞（Detroit Pistons）
1994-03-28,布拉德-史蒂文斯,"马库斯-乔治-亨特,(Marcus Georges-Hunt)",,G-F,波士顿凯尔特人（Boston Celtics）
1995-08-05,布拉德-史蒂文斯,"尼克-金,(Nicholas King)",55,F,波士顿凯尔特人（Boston Celtics）
1998-04-21,肯尼-阿特金森,"贾莱特-阿伦,(Jarrett Allen)",31,C,布鲁克林篮网（Brooklyn Nets）
1991-07-14,肯尼-阿特金森,"沙巴兹-内皮尔,(Shabazz Napier)",13,G,布鲁克林篮网（Brooklyn Nets）
1994-08-25,肯尼-阿特金森,"卡里斯-勒韦尔,(Caris LeVert)",22,G,布鲁克林篮网（Brooklyn Nets）
1993-04-06,肯尼-阿特金森,"斯潘塞-丁威迪,(Spencer Dinwiddie)",8,G,布鲁克林篮网（Brooklyn Nets）
1999-05-08,肯尼-阿特金森,"扎南-穆萨,(Dzanan Musa)",30,G-F,布鲁克林篮网（Brooklyn Nets）
1998-02-05,肯尼-阿特金森,"罗季翁斯-库鲁茨,(Rodions Kurucs)",00,F,布鲁克林篮网（Brooklyn Nets）
1981-07-16,戴夫-乔尔格,"扎克-兰多夫,(Zach Randolph)",50,F,萨克拉门托国王（Sacramento Kings）
1990-06-26,戴夫-乔尔格,"伊曼-香珀特,(Iman Shumpert)",9,G,萨克拉门托国王（Sacramento Kings）
1988-09-29,史蒂夫-科尔,"凯文-杜兰特,(Kevin Durant)",35,F,金州勇士（Golden State Warriors）
1990-02-08,史蒂夫-科尔,"克莱-汤普森,(Klay Thompson)",11,G,金州勇士（Golden State Warriors）
1990-03-04,史蒂夫-科尔,"德雷蒙德-格林,(Draymond Green)",23,F,金州勇士（Golden State Warriors）
1984-01-28,史蒂夫-科尔,"安德烈-伊格达拉,(Andre Iguodala)",9,G-F,金州勇士（Golden State Warriors）
1985-09-11,史蒂夫-科尔,"肖恩-利文斯顿,(Shaun Livingston)",34,G,金州勇士（Golden State Warriors）
1992-12-29,埃里克-斯波尔斯特拉,"布里安特-韦伯,(Briante Weber)",4,G,迈阿密热火（Miami Heat）
1994-01-07,埃里克-斯波尔斯特拉,"贾内尔-斯托克斯,(Jarnell Stokes)",12,F,迈阿密热火（Miami Heat）
1997-02-15,埃里克-斯波尔斯特拉,"小德里克-琼斯,(Derrick Jones Jr.)",5,F-G,迈阿密热火（Miami Heat）
1991-07-29,埃里克-斯波尔斯特拉,"罗德尼-麦格鲁德,(Rodney McGruder)",17,G-F,迈阿密热火（Miami Heat）
1997-02-21,埃里克-斯波尔斯特拉,"马利克-纽曼,(Malik Newman)",14,G,迈阿密热火（Miami Heat）
1993-02-09,比利-多诺万,"KJ-麦克丹尼尔斯,(KJ McDaniels)",14,F,俄克拉荷马城雷霆（Oklahoma City Thunder）
1997-05-22,比利-多诺万,"泰勒-戴维斯,(Tyler Davis)",34,C,俄克拉荷马城雷霆（Oklahoma City Thunder）
1992-06-18,比利-多诺万,"理查德-萨洛蒙,(Richard Solomon)",5,C,俄克拉荷马城雷霆（Oklahoma City Thunder）
1992-01-26,比利-多诺万,"阿布德尔-加迪,(Abdul Gaddy)",25,G,俄克拉荷马城雷霆（Oklahoma City Thunder）
1994-01-31,比利-多诺万,"迪昂特-伯顿,(Deonte Burton)",30,G,俄克拉荷马城雷霆（Oklahoma City Thunder）
1999-01-18,特里-斯托茨,"小加里-特伦特,(Gary Trent Jr.)",9,G,波特兰开拓者（Portland Trail Blazers）
1996-07-11,特里-斯托茨,"卡梅伦-奥利弗,(Cameron Oliver)",23,F,波特兰开拓者（Portland Trail Blazers）
1995-02-10,汤姆-锡伯杜,"杰瑞-特雷尔,(Jared Terrell)",3,G,明尼苏达森林狼（Minnesota Timberwolves）
1990-02-06,汤姆-锡伯杜,"CJ-威廉姆斯,(C.J. Williams)",12,G,明尼苏达森林狼（Minnesota Timberwolves）
1993-10-28,肯尼-阿特金森,"特雷韦恩-格雷厄姆,(Treveon Graham)",21,F,布鲁克林篮网（Brooklyn Nets）
1992-04-27,肯尼-阿特金森,"米奇-克里克,(Mitch Creek)",55,F,布鲁克林篮网（Brooklyn Nets）
1996-04-09,肯尼-阿特金森,"乔丹-麦克劳克林,(Jordan McLaughlin)",0,G,布鲁克林篮网（Brooklyn Nets）
1995-11-05,肯尼-阿特金森,"西奥-平森,(Theo Pinson)",10,G,布鲁克林篮网（Brooklyn Nets）
1993-01-28,肯尼-阿特金森,"阿兰-威廉姆斯,(Alan Williams)",15,F,布鲁克林篮网（Brooklyn Nets）
1994-10-03,肯尼-阿特金森,"努尼-奥莫特,(Nuni Omot)",7,F,布鲁克林篮网（Brooklyn Nets）
1992-08-18,戴夫-乔尔格,"波格丹-波格丹诺维奇,(Bogdan Bogdanovic)",8,G,萨克拉门托国王（Sacramento Kings）
1989-02-24,戴夫-乔尔格,"科斯塔-库佛斯,(Kosta Koufos)",41,C,萨克拉门托国王（Sacramento Kings）
1999-03-14,戴夫-乔尔格,"马文-巴格利,(Marvin Bagley III)",35,F,萨克拉门托国王（Sacramento Kings）
1988-05-09,戴夫-乔尔格,"内马尼亚-别利察,(Nemanja Bjelica)",88,F,萨克拉门托国王（Sacramento Kings）
1997-12-20,戴夫-乔尔格,"达龙-福克斯,(De'Aaron Fox)",5,G,萨克拉门托国王（Sacramento Kings）
1990-08-13,史蒂夫-科尔,"德马库斯-考辛斯,(DeMarcus Cousins)",0,C,金州勇士（Golden State Warriors）
1987-03-02,史蒂夫-科尔,"约纳斯-杰雷布科,(Jonas Jerebko)",21,F,金州勇士（Golden State Warriors）
1997-06-18,史蒂夫-科尔,"雅各布-埃文斯,(Jacob Evans)",10,G,金州勇士（Golden State Warriors）
1996-02-06,史蒂夫-科尔,"凯文-卢尼,(Kevon Looney)",5,F,金州勇士（Golden State Warriors）
1993-03-23,史蒂夫-科尔,"奎因-库克,(Quinn Cook)",4,G,金州勇士（Golden State Warriors）
1988-05-06,伊戈尔-科科什科夫,"莱恩-安德森,(Ryan Anderson)",15,F,菲尼克斯太阳（Phoenix Suns）
1985-06-30,伊戈尔-科科什科夫,"特雷沃-阿里扎,(Trevor Ariza)",3,F,菲尼克斯太阳（Phoenix Suns）
1982-10-02,伊戈尔-科科什科夫,"泰森-钱德勒,(Tyson Chandler)",4,C,菲尼克斯太阳（Phoenix Suns）
1994-09-14,埃里克-斯波尔斯特拉,"马库斯-李,(Marcus Lee)",24,F,迈阿密热火（Miami Heat）
1996-08-14,埃里克-斯波尔斯特拉,"亚特-马滕,(Yante Maten)",71,F,迈阿密热火（Miami Heat）
1994-04-22,埃里克-斯波尔斯特拉,"邓肯-鲁宾逊,(Duncan Robinson)",55,F,迈阿密热火（Miami Heat）
1993-02-11,戴夫-乔尔格,"本-麦克勒摩,(Ben McLemore)",23,G,萨克拉门托国王（Sacramento Kings）
1993-08-18,戴夫-乔尔格,"威利-考利-斯坦,(Willie Cauley-Stein)",00,C,萨克拉门托国王（Sacramento Kings）
1993-12-17,戴夫-乔尔格,"巴迪-希尔德,(Buddy Hield)",24,G,萨克拉门托国王（Sacramento Kings）
1993-05-09,戴夫-乔尔格,"约吉-费雷尔,(Yogi Ferrell)",3,G,萨克拉门托国王（Sacramento Kings）
1995-03-28,戴夫-乔尔格,"贾斯廷-杰克逊,(Justin Jackson)",25,F,萨克拉门托国王（Sacramento Kings）
1998-04-22,戴夫-乔尔格,"哈里-贾尔斯,(Harry Giles III)",20,F-C,萨克拉门托国王（Sacramento Kings）
1993-06-07,史蒂夫-科尔,"丹纽尔-豪斯,(Danuel House)",12,G,金州勇士（Golden State Warriors）
1996-01-05,史蒂夫-科尔,"泰勒-尤利斯,(Tyler Ulis)",3,G,金州勇士（Golden State Warriors）
1995-01-07,史蒂夫-科尔,"乔丹-贝尔,(Jordan Bell)",2,F,金州勇士（Golden State Warriors）
1995-06-30,史蒂夫-科尔,"达米安-琼斯,(Damian Jones)",15,C,金州勇士（Golden State Warriors）
1992-09-17,史蒂夫-科尔,"阿方索-麦金尼,(Alfonzo McKinnie)",28,F,金州勇士（Golden State Warriors）
1996-02-01,史蒂夫-科尔,"马库斯-德里克森,(Marcus Derrickson)",32,F,金州勇士（Golden State Warriors）
1993-09-05,伊戈尔-科科什科夫,"TJ-沃伦,(TJ Warren)",12,F,菲尼克斯太阳（Phoenix Suns）
1988-03-25,伊戈尔-科科什科夫,"达雷尔-亚瑟,(Darrell Arthur)",00,F,菲尼克斯太阳（Phoenix Suns）
1998-07-23,伊戈尔-科科什科夫,"德安德烈-艾顿,(Deandre Ayton)",22,F,菲尼克斯太阳（Phoenix Suns）
1997-02-10,伊戈尔-科科什科夫,"约什-杰克逊,(Josh Jackson)",20,F,菲尼克斯太阳（Phoenix Suns）
1997-11-17,伊戈尔-科科什科夫,"德拉甘-本德尔,(Dragan Bender)",35,F,菲尼克斯太阳（Phoenix Suns）
1988-08-08,道格-里弗斯,"达尼罗-加里纳利,(Danilo Gallinari)",8,F,洛杉矶快船（Los Angeles Clippers）
1989-08-07,格雷格-波波维奇,"德马尔-德罗赞,(DeMar DeRozan)",10,G,圣安东尼奥马刺（San Antonio Spurs）
1985-07-19,格雷格-波波维奇,"拉马库斯-阿尔德里奇,(LaMarcus Aldridge)",12,F,圣安东尼奥马刺（San Antonio Spurs）
1980-07-06,格雷格-波波维奇,"保罗-加索尔,(Pau Gasol)",16,F-C,圣安东尼奥马刺（San Antonio Spurs）
1992-05-30,里克-卡莱尔,"哈里森-巴恩斯,(Harrison Barnes)",40,F,达拉斯独行侠（Dallas Mavericks）
1988-07-21,里克-卡莱尔,"德安德烈-乔丹,(DeAndre Jordan)",6,C,达拉斯独行侠（Dallas Mavericks）
1994-04-03,戴夫-乔尔格,"弗兰克-梅森,(Frank Mason)",10,G,萨克拉门托国王（Sacramento Kings）
1993-01-12,戴夫-乔尔格,"贾米尔-阿尔蒂斯,(Jamel Artis)",0,F,萨克拉门托国王（Sacramento Kings）
1996-03-18,戴夫-乔尔格,"斯卡尔-拉比西埃,(Skal Labissiere)",7,F,萨克拉门托国王（Sacramento Kings）
1970-01-01,戴夫-乔尔格,"卡姆-雷诺兹,(Cameron Reynolds)",13,G-F,萨克拉门托国王（Sacramento Kings）
1996-06-14,戴夫-乔尔格,"加比-文森特,(Gabe Vincent)",,G,萨克拉门托国王（Sacramento Kings）
1992-10-21,史蒂夫-科尔,"达米恩-李,(Damion Lee)",1,G,金州勇士（Golden State Warriors）
1995-08-03,史蒂夫-科尔,"肯德里克-努恩,(Kendrick Nunn)",25,G,金州勇士（Golden State Warriors）
1996-08-30,伊戈尔-科科什科夫,"米卡尔-布里奇斯,(Mikal Bridges)",25,F,菲尼克斯太阳（Phoenix Suns）
1991-07-15,伊戈尔-科科什科夫,"特洛伊-丹尼尔斯,(Troy Daniels)",30,G,菲尼克斯太阳（Phoenix Suns）
1996-10-30,伊戈尔-科科什科夫,"德文-布克,(Devin Booker)",1,G,菲尼克斯太阳（Phoenix Suns）
1991-05-21,伊戈尔-科科什科夫,"以赛亚-卡南,(Isaiah Canaan)",0,G,菲尼克斯太阳（Phoenix Suns）
1993-10-15,伊戈尔-科科什科夫,"里乔恩-霍姆斯,(Richaun Holmes)",21,F-C,菲尼克斯太阳（Phoenix Suns）
1992-07-15,道格-里弗斯,"托拜厄斯-哈里斯,(Tobias Harris)",34,F,洛杉矶快船（Los Angeles Clippers）
1984-02-17,道格-里弗斯,"马尔钦-戈塔特,(Marcin Gortat)",13,C,洛杉矶快船（Los Angeles Clippers）
1990-11-26,道格-里弗斯,"埃弗里-布拉德利,(Avery Bradley)",11,G,洛杉矶快船（Los Angeles Clippers）
1986-10-27,道格-里弗斯,"路易斯-威廉姆斯,(Lou Williams)",23,G,洛杉矶快船（Los Angeles Clippers）
1988-08-15,道格-里弗斯,"博班-马里亚诺维奇,(Boban Marjanovic)",51,C,洛杉矶快船（Los Angeles Clippers）
1988-08-11,格雷格-波波维奇,"帕蒂-米尔斯,(Patty Mills)",8,G,圣安东尼奥马刺（San Antonio Spurs）
1986-08-17,格雷格-波波维奇,"鲁迪-盖伊,(Rudy Gay)",22,F,圣安东尼奥马刺（San Antonio Spurs）
1992-11-12,格雷格-波波维奇,"戴维斯-贝尔坦斯,(Davis Bertans)",42,C-F,圣安东尼奥马刺（San Antonio Spurs）
1986-03-25,格雷格-波波维奇,"马科-贝里内利,(Marco Belinelli)",18,G-F,圣安东尼奥马刺（San Antonio Spurs）
1986-10-14,里克-卡莱尔,"韦斯利-马修斯,(Wesley Matthews)",23,G-F,达拉斯独行侠（Dallas Mavericks）
1991-07-20,里克-卡莱尔,"德怀特-鲍威尔,(Dwight Powell)",7,F-C,达拉斯独行侠（Dallas Mavericks）
1999-02-28,里克-卡莱尔,"卢卡-东契奇,(Luka Doncic)",77,G-F,达拉斯独行侠（Dallas Mavericks）
1978-06-19,里克-卡莱尔,"德克-诺维茨基,(Dirk Nowitzki)",41,F,达拉斯独行侠（Dallas Mavericks）
1997-11-25,里克-卡莱尔,"丹尼斯-史密斯,(Dennis Smith Jr.)",1,G,达拉斯独行侠（Dallas Mavericks）
1997-03-26,戴夫-乔尔格,"W. Gabriel,(Wenyen Gabriel)",32,F,萨克拉门托国王（Sacramento Kings）
1990-06-12,阿尔文-金特里,"朱-霍勒迪,(Jrue Holiday)",11,G,新奥尔良鹈鹕（New Orleans Pelicans）
1993-03-11,阿尔文-金特里,"安东尼-戴维斯,(Anthony Davis)",23,F-C,新奥尔良鹈鹕（New Orleans Pelicans）
1991-02-11,阿尔文-金特里,"尼古拉-米罗蒂奇,(Nikola Mirotic)",3,F,新奥尔良鹈鹕（New Orleans Pelicans）
1995-06-11,伊戈尔-科科什科夫,"达文-里德,(Davon Reed)",32,G,菲尼克斯太阳（Phoenix Suns）
1993-10-06,伊戈尔-科科什科夫,"沙奎尔-哈里森,(Shaquille Harrison)",10,G,菲尼克斯太阳（Phoenix Suns）
1997-10-23,伊戈尔-科科什科夫,"埃利-奥科博,(Elie Okobo)",2,G,菲尼克斯太阳（Phoenix Suns）
1998-05-28,伊戈尔-科科什科夫,"丹东尼-梅尔顿,(De'Anthony Melton)",14,G,菲尼克斯太阳（Phoenix Suns）
1994-01-15,伊戈尔-科科什科夫,"乔治-金,(George King)",8,F,菲尼克斯太阳（Phoenix Suns）
1987-03-19,道格-里弗斯,"米洛什-特奥多西奇,(Milos Teodosic)",4,G,洛杉矶快船（Los Angeles Clippers）
1987-07-11,道格-里弗斯,"韦斯利-约翰逊,(Wesley Johnson)",33,F,洛杉矶快船（Los Angeles Clippers）
1994-01-26,道格-里弗斯,"蒙特雷兹-哈勒尔,(Montrezl Harrell)",5,F-C,洛杉矶快船（Los Angeles Clippers）
1988-07-12,道格-里弗斯,"帕特里克-贝弗利,(Patrick Beverley)",21,G,洛杉矶快船（Los Angeles Clippers）
1986-09-09,道格-里弗斯,"卢克-理查德-巴莫特,(Luc Mbah a Moute)",12,F,洛杉矶快船（Los Angeles Clippers）
1995-10-15,格雷格-波波维奇,"雅各布-珀尔特尔,(Jakob Poeltl)",25,C,圣安东尼奥马刺（San Antonio Spurs）
1987-04-22,格雷格-波波维奇,"丹特-坎宁安,(Dante Cunningham)",33,F,圣安东尼奥马刺（San Antonio Spurs）
1998-12-14,格雷格-波波维奇,"朗尼-沃克,(Lonnie Walker IV)",1,G,圣安东尼奥马刺（San Antonio Spurs）
1988-03-10,格雷格-波波维奇,"昆西-庞德塞特,(Quincy Pondexter)",3,F,圣安东尼奥马刺（San Antonio Spurs）
1994-07-02,格雷格-波波维奇,"德里克-怀特,(Derrick White)",4,G,圣安东尼奥马刺（San Antonio Spurs）
1984-06-26,里克-卡莱尔,"何塞-巴里亚,(J.J. Barea)",5,G,达拉斯独行侠（Dallas Mavericks）
1983-02-27,里克-卡莱尔,"德文-哈里斯,(Devin Harris)",34,G,达拉斯独行侠（Dallas Mavericks）
1986-06-15,里克-卡莱尔,"萨拉赫-梅杰里,(Salah Mejri)",50,C,达拉斯独行侠（Dallas Mavericks）
1992-01-29,里克-卡莱尔,"马克西-克勒贝尔,(Maxi Kleber)",42,F,达拉斯独行侠（Dallas Mavericks）
1996-08-31,里克-卡莱尔,"杰伦-布伦森,(Jalen Brunson)",13,G,达拉斯独行侠（Dallas Mavericks）
1991-03-18,阿尔文-金特里,"所罗门-希尔,(Solomon Hill)",44,F,新奥尔良鹈鹕（New Orleans Pelicans）
1989-02-25,阿尔文-金特里,"伊托万-摩尔,(E'Twaun Moore)",55,G,新奥尔良鹈鹕（New Orleans Pelicans）
1994-11-29,阿尔文-金特里,"朱利叶斯-兰德尔,(Julius Randle)",30,F,新奥尔良鹈鹕（New Orleans Pelicans）
1988-05-06,阿尔文-金特里,"阿莱克西-阿金萨,(Alexis Ajinca)",42,C,新奥尔良鹈鹕（New Orleans Pelicans）
1987-10-11,JB-比克斯塔夫（临时帅）,"迈克-康利,(Mike Conley)",11,G,孟菲斯灰熊（Memphis Grizzlies）
1988-07-16,道格-里弗斯,"迈克-斯科特,(Mike Scott)",30,F,洛杉矶快船（Los Angeles Clippers）
1998-07-12,道格-里弗斯,"谢伊-吉尔杰斯-亚历山大,(Shai Gilgeous-Alexander)",2,G,洛杉矶快船（Los Angeles Clippers）
1997-02-22,道格-里弗斯,"杰罗姆-罗宾逊,(Jerome Robinson)",10,G,洛杉矶快船（Los Angeles Clippers）
1996-07-26,道格-里弗斯,"贾旺-埃文斯,(Jawun Evans)",1,G,洛杉矶快船（Los Angeles Clippers）
1994-11-15,道格-里弗斯,"辛达里厄斯-桑韦尔,(Sindarius Thornwell)",0,G,洛杉矶快船（Los Angeles Clippers）
1992-08-13,格雷格-波波维奇,"奥卡罗-怀特,(Okaro White)",17,F,圣安东尼奥马刺（San Antonio Spurs）
1993-07-23,格雷格-波波维奇,"布林-福布斯,(Bryn Forbes)",11,G,圣安东尼奥马刺（San Antonio Spurs）
1996-09-19,格雷格-波波维奇,"德章泰-默里,(Dejounte Murray)",5,G,圣安东尼奥马刺（San Antonio Spurs）
1993-09-16,格雷格-波波维奇,"杰朗-布洛瑟姆盖姆,(Jaron Blossomgame)",15,F,圣安东尼奥马刺（San Antonio Spurs）
1997-03-22,格雷格-波波维奇,"奇梅齐耶-梅图,(Chimezie Metu)",7,F,圣安东尼奥马刺（San Antonio Spurs）
1993-05-04,里克-卡莱尔,"多里安-芬尼-史密斯,(Dorian Finney-Smith)",10,F,达拉斯独行侠（Dallas Mavericks）
1994-06-01,里克-卡莱尔,"科迪 米勒-麦金太尔,(Codi Miller-McIntyre)",11,G,达拉斯独行侠（Dallas Mavericks）
1990-08-23,里克-卡莱尔,"瑞安-布罗科夫,(Ryan Broekhoff)",45,G-F,达拉斯独行侠（Dallas Mavericks）
1997-03-11,里克-卡莱尔,"雷-斯波尔丁,(Ray Spalding)",26,F,达拉斯独行侠（Dallas Mavericks）
1994-02-22,阿尔文-金特里,"埃尔弗里德-佩顿,(Elfrid Payton)",4,G,新奥尔良鹈鹕（New Orleans Pelicans）
1983-10-28,阿尔文-金特里,"贾莱特-杰克,(Jarrett Jack)",1,G,新奥尔良鹈鹕（New Orleans Pelicans）
1990-03-21,阿尔文-金特里,"达柳斯-米勒,(Darius Miller)",21,F,新奥尔良鹈鹕（New Orleans Pelicans）
1991-03-07,阿尔文-金特里,"伊恩-克拉克,(Ian Clark)",2,G,新奥尔良鹈鹕（New Orleans Pelicans）
1995-12-15,阿尔文-金特里,"贾利尔-奥卡福,(Jahlil Okafor)",8,C,新奥尔良鹈鹕（New Orleans Pelicans）
1985-01-29,JB-比克斯塔夫（临时帅）,"马克-加索尔,(Marc Gasol)",33,C,孟菲斯灰熊（Memphis Grizzlies）
1988-10-25,JB-比克斯塔夫（临时帅）,"钱德勒-帕森斯,(Chandler Parsons)",25,F,孟菲斯灰熊（Memphis Grizzlies）
1993-09-20,JB-比克斯塔夫（临时帅）,"凯尔-安德森,(Kyle Anderson)",1,F,孟菲斯灰熊（Memphis Grizzlies）
1986-05-08,JB-比克斯塔夫（临时帅）,"加莱特-坦普尔,(Garrett Temple)",17,G-F,孟菲斯灰熊（Memphis Grizzlies）
1990-06-21,JB-比克斯塔夫（临时帅）,"杰迈克尔-格林,(JaMychal Green)",0,F,孟菲斯灰熊（Memphis Grizzlies）
1994-06-10,道格-里弗斯,"蒂龙-华莱士,(Tyrone Wallace)",9,G,洛杉矶快船（Los Angeles Clippers）
1995-05-04,道格-里弗斯,"乔纳森-莫特利,(Johnathan Motley)",15,F,洛杉矶快船（Los Angeles Clippers）
1996-03-23,道格-里弗斯,"德赛-罗德里格兹,(Desi Rodriguez)",20,F,洛杉矶快船（Los Angeles Clippers）
1994-11-20,道格-里弗斯,"安吉尔-德尔加多,(Angel Delgado)",31,C,洛杉矶快船（Los Angeles Clippers）
1991-12-19,格雷格-波波维奇,"乔什-休斯蒂斯,(Josh Huestis)",,F,圣安东尼奥马刺（San Antonio Spurs）
1997-02-01,格雷格-波波维奇,"德鲁-尤班克斯,(Drew Eubanks)",14,F,圣安东尼奥马刺（San Antonio Spurs）
1992-12-22,格雷格-波波维奇,"尼克-约翰逊,(Nick Johnson)",24,G,圣安东尼奥马刺（San Antonio Spurs）
1993-08-20,里克-卡莱尔,"丁彦雨航,(Yanyuhang Ding)",,G-F,达拉斯独行侠（Dallas Mavericks）
1995-11-29,里克-卡莱尔,"达里尔-梅肯,(Daryl Macon)",3,G,达拉斯独行侠（Dallas Mavericks）
1993-05-27,里克-卡莱尔,"杰伦-琼斯,(Jalen Jones)",21,F,达拉斯独行侠（Dallas Mavericks）
1997-11-20,里克-卡莱尔,"科斯塔斯-阿德托昆博,(Kostas Antetokounmpo)",37,F,达拉斯独行侠（Dallas Mavericks）
1996-09-13,阿尔文-金特里,"谢赫-迪亚洛,(Cheick Diallo)",13,F,新奥尔良鹈鹕（New Orleans Pelicans）
1994-12-30,阿尔文-金特里,"特洛伊-威廉姆斯,(Troy Williams)",0,G-F,新奥尔良鹈鹕（New Orleans Pelicans）
1998-05-04,阿尔文-金特里,"弗兰克-杰克逊,(Frank Jackson)",15,G,新奥尔良鹈鹕（New Orleans Pelicans）
1994-11-04,阿尔文-金特里,"特里文-布罗伊特,(Trevon Bluiett)",5,G,新奥尔良鹈鹕（New Orleans Pelicans）
1991-01-11,阿尔文-金特里,"贾伦-格林,(Garlon Green)",33,F,新奥尔良鹈鹕（New Orleans Pelicans）
1999-09-15,JB-比克斯塔夫（临时帅）,"小贾伦-杰克逊,(Jaren Jackson Jr.)",13,F,孟菲斯灰熊（Memphis Grizzlies）
1988-06-22,JB-比克斯塔夫（临时帅）,"欧米-卡斯比,(Omri Casspi)",18,F,孟菲斯灰熊（Memphis Grizzlies）
1990-04-22,JB-比克斯塔夫（临时帅）,"谢尔文-麦克,(Shelvin Mack)",6,G,孟菲斯灰熊（Memphis Grizzlies）
1989-01-26,JB-比克斯塔夫（临时帅）,"马尚-布鲁克斯,(MarShon Brooks)",8,G,孟菲斯灰熊（Memphis Grizzlies）
1994-09-30,JB-比克斯塔夫（临时帅）,"韦恩-塞尔登,(Wayne Selden)",7,G-F,孟菲斯灰熊（Memphis Grizzlies）
1994-12-02,阿尔文-金特里,"肯里奇-威廉姆斯,(Kenrich Williams)",34,G-F,新奥尔良鹈鹕（New Orleans Pelicans）
1998-06-11,阿尔文-金特里,"布兰登-麦考伊,(Brandon McCoy)",12,C-F,新奥尔良鹈鹕（New Orleans Pelicans）
1991-01-03,阿尔文-金特里,"达柳斯-莫里斯,(Darius Morris)",9,G,新奥尔良鹈鹕（New Orleans Pelicans）
1996-01-22,JB-比克斯塔夫（临时帅）,"狄龙-布鲁克斯,(Dillon Brooks)",24,G-F,孟菲斯灰熊（Memphis Grizzlies）
1997-02-04,JB-比克斯塔夫（临时帅）,"伊万-拉布,(Ivan Rabb)",10,F,孟菲斯灰熊（Memphis Grizzlies）
1994-10-28,JB-比克斯塔夫（临时帅）,"安德鲁-哈里森,(Andrew Harrison)",5,G,孟菲斯灰熊（Memphis Grizzlies）
1995-10-02,JB-比克斯塔夫（临时帅）,"布兰登-古德温,(Brandon Goodwin)",2,G,孟菲斯灰熊（Memphis Grizzlies）
1994-10-22,JB-比克斯塔夫（临时帅）,"马克尔-克劳福德,(Markel Crawford)",4,G,孟菲斯灰熊（Memphis Grizzlies）
1995-09-14,JB-比克斯塔夫（临时帅）,"杰文-卡特,(Jevon Carter)",3,G,孟菲斯灰熊（Memphis Grizzlies）
1997-01-21,JB-比克斯塔夫（临时帅）,"多勒尔-穆尔,(Doral Moore)",14,C,孟菲斯灰熊（Memphis Grizzlies）
1997-11-13,JB-比克斯塔夫（临时帅）,"伊斯梅利亚-凯恩,(Ismaila Kane)",15,C,孟菲斯灰熊（Memphis Grizzlies）
1994-10-13,JB-比克斯塔夫（临时帅）,"渡边雄太,(Yuta Watanabe)",12,G-F,孟菲斯灰熊（Memphis Grizzlies）
1984-12-30,卢克-沃顿,"勒布朗-詹姆斯,(LeBron James)",23,F-G,洛杉矶湖人（Los Angeles Lakers）
1993-02-18,卢克-沃顿,"肯塔维厄斯-考德威尔-波普,(Kentavious Caldwell-Pope)",1,G,洛杉矶湖人（Los Angeles Lakers）
1986-02-22,卢克-沃顿,"拉简-隆多,(Rajon Rondo)",9,G,洛杉矶湖人（Los Angeles Lakers）
1997-10-27,卢克-沃顿,"朗佐-鲍尔,(Lonzo Ball)",2,G,洛杉矶湖人（Los Angeles Lakers）
1997-09-02,卢克-沃顿,"布兰登-英格拉姆,(Brandon Ingram)",14,F,洛杉矶湖人（Los Angeles Lakers）
1990-09-05,卢克-沃顿,"兰斯-史蒂芬森,(Lance Stephenson)",6,G,洛杉矶湖人（Los Angeles Lakers）
1989-01-09,卢克-沃顿,"迈克尔-比斯利,(Michael Beasley)",11,F,洛杉矶湖人（Los Angeles Lakers）
1988-01-19,卢克-沃顿,"贾维尔-麦基,(JaVale McGee)",7,C,洛杉矶湖人（Los Angeles Lakers）
1997-04-26,卢克-沃顿,"莫里茨-瓦格纳,(Moritz Wagner)",15,F-G,洛杉矶湖人（Los Angeles Lakers）
1995-07-24,卢克-沃顿,"凯尔-库兹马,(Kyle Kuzma)",0,F,洛杉矶湖人（Los Angeles Lakers）
1995-03-06,卢克-沃顿,"约什-哈特,(Josh Hart)",3,G,洛杉矶湖人（Los Angeles Lakers）
1997-06-10,卢克-沃顿,"斯维亚托斯拉夫-米哈伊柳克,(Svi Mykhailiuk)",10,F,洛杉矶湖人（Los Angeles Lakers）
1997-03-18,卢克-沃顿,"伊维察-祖巴茨,(Ivica Zubac)",40,C,洛杉矶湖人（Los Angeles Lakers）
1999-11-08,卢克-沃顿,"伊萨克-邦加,(Isaac Bonga)",17,G,洛杉矶湖人（Los Angeles Lakers）
1995-05-22,卢克-沃顿,"乔纳森-威廉姆斯,(Johnathan Williams)",19,F,洛杉矶湖人（Los Angeles Lakers）
1990-09-21,卢克-沃顿,"特拉维斯-韦尔,(Travis Wear)",21,F,洛杉矶湖人（Los Angeles Lakers）
1994-02-28,卢克-沃顿,"亚历克斯-卡鲁索,(Alex Caruso)",4,G,洛杉矶湖人（Los Angeles Lakers）
1994-11-06,卢克-沃顿,"杰弗里-卡罗尔,(Jeffrey Carroll)",30,G,洛杉矶湖人（Los Angeles Lakers）
1995-04-01,卢克-沃顿,"乔尔-贝里二世,(Joel Berry II)",18,G,洛杉矶湖人（Los Angeles Lakers）
