City,FirstField,FoundTime,InvestCompany,Money,MoneyRound,MoneyTime,Name,Round,SecondField
,企业服务,2008.3,,,,,纷享销客,(B轮),办公OA
,电子商务,2011.8,,,,,醋溜科技,(获投状态：不明确),服装服饰
,企业服务,2006.11,,,,,139.ME,(A轮),B2D开发者服务
,工具软件,2012.11,,,,,蛐蛐儿,(天使轮),文件文档
,汽车交通,2013.4,,,,,开8拼车																			/ 开吧,(天使轮),交通出行
,金融,2013.1,,,,,易贷天下网,(已被收购),借贷
,金融,2011.10,,,,,先智创科,(B+轮),金融综合服务
,金融,2011.11,,,,,91金融超市,(C轮),金融综合服务
,金融,2011.10,,,,,股360																			/ 股票雷达,(C轮),股票
,房产服务,2011.11,,,,,蚂蚁短租,(已被收购),租房
,旅游,2012.5,,,,,面包旅行,(C轮),旅游工具及社区
,电子商务,2011.5,,,,,口袋购物,(C轮),综合电商
,房产服务,2012.8,,,,,小猪短租网,(E轮),租房
,广告营销,2006.12,,,,,秒针系统,(D轮),广告技术
,硬件,2011.3,,,,,WiPlug推																			/ 若愚智能,(A轮),智能家居
,工具软件,2012.6,,,,,久久相悦																			/ 久久管家,(已被收购),其他工具
,教育,2011.11,,,,,海绵外语网,(尚未获投),语言学习
,本地生活,2011.8,,,,,店店通,(A轮),本地综合生活
,旅游,2012.5,,,,,旅家网,(获投状态：不明确),交通食宿
,企业服务,2012.4,,,,,够快科技																			/ 够快网盘,(新三板),IT基础设施
,游戏,2009.7,,,,,上海江游																			/ 街机三国,(天使轮),游戏开发商
,电子商务,2012.1,,,,,IDX爱定客,(A轮),服装服饰
,电子商务,2012.5,,,,,米券网,(A轮),电商解决方案
,电子商务,2011.8,,,,,米折网,(B轮),综合电商
,广告营销,2011.8,,,,,WiseMedia新数网络,(战略投资),广告技术
City,FirstField,FoundTime,InvestCompany,Money,MoneyRound,MoneyTime,Name,Round,SecondField
,电子商务,2012.9,,,,,楚楚街																			/ 醋溜网络,(C轮),综合电商
,本地生活,2013.3,,,,,番茄快点,(获投状态：不明确),美食餐饮
,社交网络,2012.3,,,,,KK唱响																			/ 杭州米络科技,(B轮),兴趣社区
,电子商务,2012.8,,,,,大朴网,(C轮),家居家纺
,游戏,2010.8,,,,,凡趣科技Vanchu																			/ 闺蜜圈,(B轮),游戏开发商
City,FirstField,FoundTime,InvestCompany,Money,MoneyRound,MoneyTime,Name,Round,SecondField
,本地生活,2013.3,,,,,番茄快点,(获投状态：不明确),美食餐饮
,文化娱乐,2013.3,,,,,多乐音乐电台,(获投状态：不明确),音乐
,金融,2013.1,,,,,有利网,(C轮),借贷
,社交网络,2012.6,,,,,见见																			/ 八千里网络,(A轮),陌生人交友
City,FirstField,FoundTime,InvestCompany,Money,MoneyRound,MoneyTime,Name,Round,SecondField
,本地生活,2013.3,,,,,番茄快点,(获投状态：不明确),美食餐饮
City,FirstField,FoundTime,InvestCompany,Money,MoneyRound,MoneyTime,Name,Round,SecondField
,本地生活,2013.3,,,,,番茄快点,(获投状态：不明确),美食餐饮
City,FirstField,FoundTime,InvestCompany,Money,MoneyRound,MoneyTime,Name,Round,SecondField
,金融,2013.1,,,,,有利网,(C轮),借贷
City,FirstField,FoundTime,InvestCompany,Money,MoneyRound,MoneyTime,Name,Round,SecondField
,金融,2013.1,,,,,有利网,(C轮),借贷
City,FirstField,FoundTime,InvestCompany,Money,MoneyRound,MoneyTime,Name,Round,SecondField
,金融,2013.1,,,,,有利网,(C轮),借贷
,文化娱乐,2013.3,,,,,多乐音乐电台,(获投状态：不明确),音乐
,医疗健康,2011.7,,,,,春雨医生																			/ 春雨天下,(D轮),寻医诊疗
,医疗健康,2009.11,,,,,白天使,(A轮),医生服务
,广告营销,2010.1,,,,,安沃传媒Adwo																			/ 掌阔移动,(已被收购),移动及网络广告
,电子商务,2013.1,,,,,Roseonly专爱花店																			/ 诺誓,(C轮),其他电商服务
City,FirstField,FoundTime,InvestCompany,Money,MoneyRound,MoneyTime,Name,Round,SecondField
,电子商务,2013.1,,,,,Roseonly专爱花店																			/ 诺誓,(C轮),其他电商服务
,电子商务,2012.10,,,,,鲜品会,(获投状态：不明确),生鲜食品
,广告营销,2012.11,,,,,信息基因,(获投状态：不明确),广告技术
,游戏,2011.11,,,,,游道易Yodo1,(B轮),游戏发行及渠道
,教育,2013.2,,,,,随译同文,(获投状态：不明确),语言学习
,企业服务,2011.8,,,,,一块儿网,(天使轮),办公OA
,汽车交通,2013.4,,,,,云洗车,(获投状态：不明确),汽车后服务
,企业服务,2012.6,,,,,AppCPA																			/ TalkingData,(B轮),B2D开发者服务
,游戏,2012.3,,,,,油瓶网,(B轮),游戏开发商
,汽车交通,2011.8,,,,,优信二手车,(已上市),二手车
,社交网络,2013.4,,,,,didi,(天使轮),综合社交
,金融,2012.7,,,,,中量网,(A+轮),外汇期货贵金属
,本地生活,2013.3,,,,,婚礼纪,(C+轮),婚礼婚庆
,硬件,2011.8,,,,,21克手机																			/ 卡迪尔,(A轮),消费电子
,本地生活,2013.1,,,,,品品美食,(A轮),美食餐饮
,企业服务,2011.12,,,,,云飞网YunNFC,(天使轮),B2D开发者服务
,教育,2010.7,,,,,ISPIANO依斯皮诺,(获投状态：不明确),兴趣教育
,教育,2009.5,,,,,榴莲网,(获投状态：不明确),K12
,硬件,2002.9,,,,,远峰科技,(获投状态：不明确),消费电子
,教育,2012.7,,,,,EliteKids优学宝贝																			/ 财商小博士,(获投状态：不明确),儿童早教
,电子商务,2013.3,,,,,北鼻网,(获投状态：不明确),母婴玩具
,文化娱乐,2012.5,,,,,我播盒子																			/ 远峰科技,(获投状态：不明确),视频
,教育,2012.10,,,,,闪译SunCloud,(获投状态：不明确),语言学习
,硬件,2012.1,,,,,爱诺贝iNobel																			/ 上海摩普,(尚未获投),消费电子
,社交网络,2012.12,,,,,Pinstar.ME,(获投状态：不明确),兴趣社区
,企业服务,2007.8,,,,,庚顿数据,(天使轮),数据服务
,企业服务,2010.3,,,,,杭州高高信息,(尚未获投),B2D开发者服务
,工具软件,2013.1,,,,,2d回忆网,(已被收购),其他工具
,本地生活,2013.3,,,,,聚十惠,(获投状态：不明确),本地综合生活
,旅游,2013.3,,,,,读城志,(获投状态：不明确),旅游工具及社区
,工具软件,2012.1,,,,,MOPPO上海摩普,(A+轮),综合工具服务
,工具软件,2013.4,,,,,二维码墓碑,(获投状态：不明确),其他工具
,本地生活,2013.4,,,,,嗨生活																			/ 摩普文化,(尚未获投),本地综合生活
,企业服务,2012.7,,,,,速研,(获投状态：不明确),销售营销
,教育,2005.5,,,,,帮考网,(获投状态：不明确),职业培训
,游戏,2011.5,,,,,蒸汽之城																			/ 梦加网络,(获投状态：不明确),游戏开发商
,教育,2009.12,,,,,家教114网,(获投状态：不明确),K12
,金融,2013.1,,,,,17魔毯,(天使轮),支付
,文化娱乐,2012.6,,,,,微片																			/ 奇石浩宇,(天使轮),影视
,工具软件,2012.10,,,,,碰碰米,(获投状态：不明确),其他工具
,教育,2011.9,,,,,金老师家教																			/ 锦老师家教,(获投状态：不明确),K12
,文化娱乐,2012.8,,,,,爱存美,(尚未获投),艺术
,教育,2012.9,,,,,优倍100网,(获投状态：不明确),K12
,硬件,2013.4,,,,,100+手机																			/ 百加手机,(A轮),消费电子
,游戏,2011.5,,,,,梦加网络,(新三板),游戏综合服务
,医疗健康,2007.6,,,,,爱照护,(A轮),健康保健
,电子商务,2012.12,,,,,佰供网,(A轮),3C电子
,金融,2013.1,,,,,哆啦宝																			/ 哆啦开店宝,(A+轮),支付
,硬件,2012.3,,,,,LEPOW乐泡,(天使轮),消费电子
,医疗健康,2009.4,,,,,嗨乐,(获投状态：不明确),健康保健
,硬件,2007.8,,,,,百分之百数码,(B轮),消费电子
,旅游,2011.1,,,,,村游网,(获投状态：不明确),国内游
,教育,2013.2,,,,,成长网,(获投状态：不明确),儿童早教
,旅游,2012.1,,,,,在路上,(C轮),旅游工具及社区
,电子商务,2013.1,,,,,御库网,(获投状态：不明确),奢侈品
,本地生活,2010.4,,,,,百米																			/ 星云汇聚,(获投状态：不明确),商户服务及信息化
,电子商务,2011.5,,,,,启明眼镜,(天使轮),综合电商
,电子商务,2010.7,,,,,LC风格网,(已被收购),服装服饰
,医疗健康,2012.6,,,,,看处方																			/ 杏仁医生前身,(A轮),寻医诊疗
,汽车交通,2012.7,,,,,滴滴出行,(战略投资),交通出行
,体育运动,2012.1,,,,,上海悦体																			/ 球迷TV,(A轮),体育媒体及社区
,旅游,2006.1,,,,,马蜂窝旅游网,(D轮),旅游综合服务
,文化娱乐,2004.3,,,,,卓创资讯,(获投状态：不明确),媒体及阅读
,教育,2011.10,,,,,Seendio信鸥网,(获投状态：不明确),语言学习
,文化娱乐,2012.3,,,,,视频达人秀																			/ 酷星网络,(A轮),视频
,汽车交通,2012.6,,,,,高速助手																			/ 爱高速,(已被收购),交通出行
,电子商务,2012.10,,,,,决定网,(获投状态：不明确),综合电商
,旅游,2012.9,,,,,旅信顺捷TravelRely,(A轮),跨境游
,电子商务,2013.1,,,,,以旧换新网,(获投状态：不明确),综合电商
,教育,2011.5,,,,,佰分云教育,(获投状态：不明确),教育信息化
,社交网络,2013.3,,,,,iChuz,(获投状态：不明确),家庭熟人社交
,电子商务,2012.8,,,,,鸣博,(获投状态：不明确),电商解决方案
,社交网络,2011.8,,,,,粉粉日记,(B+轮),兴趣社区
,工具软件,2012.3,,,,,极度刷机,(获投状态：不明确),优化清理
,工具软件,2013.4,,,,,可米电话,(A轮),无线通讯
,工具软件,2011.10,,,,,中华万年历																			/ 随身云,(B轮),实用生活服务
,工具软件,2013.1,,,,,Calendar Pro																			/ 随身云,(B轮),事项及效率
,社交网络,2012.3,,,,,Flirq,(获投状态：不明确),婚恋交友
,汽车交通,2011.7,,,,,打车小秘,(B轮),交通出行
,旅游,2013.4,,,,,艺景网,(获投状态：不明确),旅游综合服务
,工具软件,2013.2,,,,,IndooRun室内定位,(获投状态：不明确),位置定位
,工具软件,2012.1,,,,,随身云																			/ 随身移动,(B轮),实用生活服务
,工具软件,2013.2,,,,,Call Saver客服省钱通,(获投状态：不明确),实用生活服务
,旅游,2012.8,,,,,徒步狗旅行,(获投状态：不明确),跨境游
,文化娱乐,2013.1,,,,,美味爱读																			/ AVOS,(获投状态：不明确),媒体及阅读
,本地生活,2012.5,,,,,美食拼图,(获投状态：不明确),美食餐饮
,汽车交通,2010.5,,,,,易到用车,(战略投资),交通出行
,企业服务,2013.3,,,,,格灵深瞳,(B轮),黑科技及前沿技术
,企业服务,2009.11,,,,,信策数据,(已被收购),数据服务
,教育,2010.1,,,,,二兔邮包,(A轮),儿童早教
,工具软件,2012.1,,,,,摩机平板升级网,(天使轮),优化清理
,本地生活,2011.9,,,,,来客宝,(A轮),本地综合生活
,文化娱乐,2012.7,,,,,让我秀,(获投状态：不明确),综合文娱
,电子商务,2011.9,,,,,宝珑网,(尚未获投),珠宝首饰
,工具软件,2012.4,,,,,美味书签																			/ AVOS,(天使轮),事项及效率
,物流,2011.9,,,,,尚橙物流,(已被收购),仓储服务
,工具软件,2012.11,,,,,美味集																			/ AVOS,(尚未获投),事项及效率
,汽车交通,2013.3,,,,,汇车网,(获投状态：不明确),交通出行
,工具软件,2010.11,,,,,武汉飞众科技,(天使轮),综合工具服务
,企业服务,2005.5,,,,,梆梆安全Bangcle,(D轮),企业安全
,金融,2010.1,,,,,PosPal银豹收银系统																			/ 准动网络,(A轮),支付
,教育,2012.7,,,,,WishBird千纸鹤,(天使轮),出国留学
,企业服务,2013.1,,,,,微语意,(天使轮),B2D开发者服务
,工具软件,2012.12,,,,,语意果																			/ Mobvoi,(天使轮),实用生活服务
,汽车交通,2012.8,,,,,车友汇																			/ 车一百,(获投状态：不明确),车主工具及服务
,社交网络,2012.7,,,,,WeCenter																			/ Anwsion,(天使轮),陌生人交友
,工具软件,2012.8,,,,,Mobvoi羽扇智,(C轮),实用生活服务
,企业服务,2012.10,,,,,出门问问,(D轮),行业信息化及解决方案
,企业服务,2013.1,,,,,APP探客,(获投状态：不明确),B2D开发者服务
,汽车交通,2011.5,,,,,2号车库																			/ 车蚂蚁,(获投状态：不明确),汽车后服务
,工具软件,2012.8,,,,,云助理,(获投状态：不明确),实用生活服务
,物流,2008.11,,,,,无忧运力网,(获投状态：不明确),货运物流
,企业服务,2012.3,,,,,Seafile																			/ 海文互知,(天使轮),办公OA
,本地生活,2007.8,,,,,好狗狗																			/ 阿丁特科技,(A轮),宠物服务
,工具软件,2011.8,,,,,飞速																			/ 加速宝/闪联智通,(A轮),优化清理
,教育,2011.5,,,,,脑工场																			/ 智华博润,(获投状态：不明确),儿童早教
,旅游,2012.7,,,,,漫步南锣鼓巷																			/ 苹安云开,(天使轮),旅游工具及社区
,企业服务,2012.6,,,,,云知声,(C+轮),行业信息化及解决方案
,本地生活,2011.6,,,,,易站																			/ 尚成之义,(天使轮),维修服务
,文化娱乐,2013.4,,,,,玩拍																			/ AVOS,(尚未获投),视频
,汽车交通,2012.9,,,,,车蚂蚁,(A轮),汽车后服务
,硬件,2011.1,,,,,友宝Ubox,(战略投资),消费电子
,广告营销,2009.4,,,,,品友互动,(新三板),广告技术
,社交网络,2013.3,,,,,小聚,(获投状态：不明确),综合社交
,电子商务,2011.10,,,,,花在开BloomingHour,(获投状态：不明确),综合电商
,电子商务,2011.12,,,,,TheBeast野兽派花店,(B轮),综合电商
,企业服务,2011.9,,,,,卓奇科技,(A轮),行业信息化及解决方案
,教育,2013.2,,,,,英语流利说,(已上市),语言学习
,旅游,2012.5,,,,,大鱼自助游,(已被收购),跨境游
,医疗健康,2011.7,,,,,春雨医生																			/ 春雨天下,(D轮),寻医诊疗
,社交网络,2011.3,,,,,口袋象,(获投状态：不明确),家庭熟人社交
,旅游,2013.3,,,,,乐逸旅游网,(获投状态：不明确),旅游综合服务
,电子商务,2012.12,,,,,i良仓,(获投状态：不明确),综合电商
,工具软件,2013.4,,,,,手机大师																			/ 上海朱雀网络,(A轮),优化清理
,广告营销,2010.1,,,,,安沃传媒Adwo																			/ 掌阔移动,(已被收购),移动及网络广告
,物流,2011.1,,,,,货车帮,(B+轮),货运物流
,医疗健康,2009.11,,,,,白天使,(A轮),医生服务
,企业服务,2012.11,,,,,食品追溯平台,(A轮),其他企业服务
,文化娱乐,2011.6,,,,,今晚看啥,(已被收购),影视
City,FirstField,FoundTime,InvestCompany,Money,MoneyRound,MoneyTime,Name,Round,SecondField
,电子商务,2013.3,,,,,北鼻网,(获投状态：不明确),母婴玩具
City,FirstField,FoundTime,InvestCompany,Money,MoneyRound,MoneyTime,Name,Round,SecondField
,电子商务,2013.3,,,,,北鼻网,(获投状态：不明确),母婴玩具
,电子商务,2013.4,,,,,店铺秀秀,(获投状态：不明确),3C电子
,金融,2010.11,,,,,51分期网,(获投状态：不明确),信用及征信
,工具软件,2011.10,,,,,UCam全能相机,(获投状态：不明确),图像视频
,金融,2012.11,,,,,帮助贷,(获投状态：不明确),借贷
,工具软件,2013.7,,,,,微俱聚																			/ 微信加,(新三板),其他工具
,企业服务,2013.1,,,,,微步,(A轮),销售营销
,文化娱乐,2013.6,,,,,飞秀																			/ 上海逸视,(获投状态：不明确),视频
,企业服务,2013.5,,,,,55管家,(获投状态：不明确),IT基础设施
,硬件,2011.3,,,,,苏州摩多物联科技,(获投状态：不明确),智能家居
,文化娱乐,2013.5,,,,,推播																			/ 上土科技,(尚未获投),媒体及阅读
,本地生活,2013.5,,,,,Māo!,(尚未获投),宠物服务
,硬件,2008.3,,,,,中科创达,(已上市),综合硬件
,电子商务,2010.3,,,,,移淘商城,(B轮),综合电商
,工具软件,2013.4,,,,,哦啦语音助手,(获投状态：不明确),实用生活服务
,教育,2013.2,,,,,英语口语精华,(获投状态：不明确),语言学习
,教育,2011.5,,,,,一本词典																			/ 语智云帆,(获投状态：不明确),语言学习
,教育,2012.9,,,,,滔滔英语,(天使轮),语言学习
,工具软件,2012.10,,,,,WiFi一号通																			/ wifiin,(获投状态：不明确),无线通讯
,房产服务,2013.1,,,,,九猪网																			/ 久租网络,(天使轮),租房
,工具软件,2008.1,,,,,千尺无限,(已被收购),其他工具
,社交网络,2011.12,,,,,嘀咕网,(获投状态：不明确),兴趣社区
,文化娱乐,2013.2,,,,,图吧,(天使轮),视频
,工具软件,2012.8,,,,,火兔相机,(获投状态：不明确),图像视频
,硬件,2010.8,,,,,宏智力BrainLink,(A轮),综合硬件
,文化娱乐,2013.4,,,,,遨游讯海,(获投状态：不明确),视频
,硬件,2011.7,,,,,微动Vidoo,(A轮),消费电子
,游戏,2010.9,,,,,天魂网络PGSoul,(A轮),游戏开发商
,文化娱乐,2012.12,,,,,必趣Biquu,(天使轮),影视
,游戏,2013.1,,,,,553手游先锋,(获投状态：不明确),游戏发行及渠道
,汽车交通,2012.12,,,,,打的啦,(获投状态：不明确),交通出行
,游戏,2009.4,,,,,优陆软件Illumesoft																			/ 时空塔防,(A轮),游戏开发商
,社交网络,2013.5,,,,,I-IN物品社交,(获投状态：不明确),兴趣社区
,汽车交通,2012.10,,,,,移建叫车,(获投状态：不明确),交通出行
,文化娱乐,2013.5,,,,,Youmoo优木乐视,(获投状态：不明确),视频
,医疗健康,2005.3,,,,,深圳宁远科技,(A轮),医疗信息化
,本地生活,2013.3,,,,,591月子网,(获投状态：不明确),家政服务
,汽车交通,2013.1,,,,,603叫车,(获投状态：不明确),交通出行
,医疗健康,2009.8,,,,,就医160网																			/ 宁远科技,(C轮),寻医诊疗
,汽车交通,2011.1,,,,,微拼车,(获投状态：不明确),交通出行
,房产服务,2012.10,,,,,家装360,(获投状态：不明确),装修装潢
,游戏,2012.5,,,,,上海龙魂网络,(A轮),游戏开发商
,汽车交通,2011.5,,,,,上海为兴数字,(获投状态：不明确),车联网及硬件
,电子商务,2011.7,,,,,淘宝美折,(尚未获投),电商解决方案
,旅游,2012.5,,,,,每刻途,(获投状态：不明确),主题特色游
,游戏,2012.2,,,,,好玩一二三科技,(A轮),游戏开发商
,金融,2014.1,,,,,大明理财																			/ 大明世纪,(获投状态：不明确),理财
,游戏,2011.3,,,,,上海浣熊信息科技,(获投状态：不明确),游戏开发商
,旅游,2013.2,,,,,西柚记SeeYouKee,(尚未获投),旅游工具及社区
,电子商务,2007.10,,,,,北联伟业,(已被收购),电商解决方案
,文化娱乐,2011.7,,,,,友友桥,(获投状态：不明确),视频
,工具软件,2011.9,,,,,便签网,(获投状态：不明确),事项及效率
,汽车交通,2013.1,,,,,特道车脉,(获投状态：不明确),车联网及硬件
,本地生活,2012.9,,,,,小区无忧,(A轮),小区服务
,电子商务,2012.5,,,,,标汇网,(尚未获投),综合电商
,硬件,2012.7,,,,,同渺信息																			/ I2LInk,(获投状态：不明确),消费电子
,旅游,2012.10,,,,,微驴儿																			/ 惟旅网络,(天使轮),跨境游
,汽车交通,2012.1,,,,,行车通,(获投状态：不明确),车联网及硬件
,社交网络,2013.3,,,,,启维文化,(天使轮),兴趣社区
,物流,2013.2,,,,,快递兔,(天使轮),其他物流
,医疗健康,2010.4,,,,,也瘦网Sline																			/ 赢捷科技,(A轮),健康保健
,社交网络,2013.1,,,,,货代帮帮忙,(获投状态：不明确),综合社交
,社交网络,2013.2,,,,,汇员之家																			/ 英博讯网络,(获投状态：不明确),综合社交
,硬件,2012.4,,,,,指控VirTouchR																			/ 永利宁科技,(尚未获投),消费电子
,金融,2012.9,,,,,淘金路,(A轮),股票
,教育,2013.1,,,,,微单词,(尚未获投),语言学习
,工具软件,2007.1,,,,,成都网点通																			/ 记账猫,(获投状态：不明确),实用生活服务
,文化娱乐,2013.5,,,,,乐录,(获投状态：不明确),视频
,教育,2013.3,,,,,1号教室,(天使轮),K12
,游戏,2011.9,,,,,安纳西AnansiMobile,(获投状态：不明确),游戏开发商
,旅游,2013.3,,,,,驮略网,(获投状态：不明确),旅游工具及社区
,文化娱乐,2013.11,,,,,图加加																			/ 榄图科技,(获投状态：不明确),视频
,本地生活,2006.10,,,,,19楼,(A轮),本地综合生活
,企业服务,2007.1,,,,,优必达科技,(A轮),B2D开发者服务
,房产服务,2012.8,,,,,新途网,(获投状态：不明确),装修装潢
,物流,2008.9,,,,,九九物流网,(获投状态：不明确),货运物流
,金融,2012.10,,,,,趣保科技																			/ 护驾,(获投状态：不明确),保险
,房产服务,2013.5,,,,,租租看,(获投状态：不明确),租房
,企业服务,2006.4,,,,,雅座,(C轮),销售营销
,工具软件,2011.5,,,,,秒酷科技																			/ 地图加加,(尚未获投),位置定位
,金融,2012.11,,,,,保险岛,(天使轮),保险
,电子商务,2011.11,,,,,TopFlower至上品卉																			/ 至上品行,(获投状态：不明确),综合电商
,硬件,2004.9,,,,,深圳海亚科技,(A轮),消费电子
,文化娱乐,2011.3,,,,,快手,(E轮),视频
,电子商务,2012.9,,,,,图你美丽,(获投状态：不明确),综合电商
,工具软件,2012.8,,,,,曲径,(种子轮),事项及效率
,企业服务,2013.5,,,,,南京芝麻科技,(A轮),数据服务
,电子商务,2010.10,,,,,红骆驼网,(尚未获投),综合电商
,教育,2013.3,,,,,好乐智出国留学网,(获投状态：不明确),出国留学
,文化娱乐,2012.1,,,,,Catalog.im,(获投状态：不明确),媒体及阅读
,本地生活,2012.7,,,,,楼下100,(A轮),美食餐饮
,电子商务,2011.3,,,,,聚淘网,(B轮),综合电商
,工具软件,2011.8,,,,,财猫省钱浏览器,(天使轮),浏览器
,硬件,2010.9,,,,,优诺肯科技UShare																			/ 优享盒子,(获投状态：不明确),消费电子
,旅游,2011.3,,,,,旅途直播,(获投状态：不明确),旅游工具及社区
,电子商务,2012.8,,,,,粉多客,(获投状态：不明确),电商解决方案
,硬件,2012.11,,,,,亮风台,(B轮),其他硬件服务
,旅游,2012.7,,,,,酒店小秘,(获投状态：不明确),交通食宿
,电子商务,2011.9,,,,,年生活,(获投状态：不明确),综合电商
,文化娱乐,2013.5,,,,,图答应,(获投状态：不明确),视频
,社交网络,2012.9,,,,,坐网,(获投状态：不明确),陌生人交友
,物流,2012.11,,,,,快蜗牛,(尚未获投),综合物流
,工具软件,2012.12,,,,,酷传,(B轮),应用商店
,社交网络,2013.2,,,,,兜风,(获投状态：不明确),陌生人交友
,房产服务,2006.10,,,,,房酷网,(获投状态：不明确),房产电商
,电子商务,2012.6,,,,,深圳移动梦想网络,(天使轮),电商解决方案
,社交网络,2013.7,,,,,薇蜜,(天使轮),兴趣社区
,本地生活,2013.4,,,,,帅小子,(获投状态：不明确),婚礼婚庆
,游戏,2011.5,,,,,Diffverse再造时空,(获投状态：不明确),游戏开发商
,社交网络,2012.1,,,,,淘友网,(A轮),商务社交
,电子商务,2012.8,,,,,逛商场,(获投状态：不明确),电商解决方案
,社交网络,2013.4,,,,,觅觅																			/ 淘友网,(A轮),陌生人交友
,社交网络,2012.11,,,,,哈米HO米																			/ 广州米捷,(获投状态：不明确),陌生人交友
,旅游,2013.1,,,,,旅途求助,(尚未获投),旅游工具及社区
,本地生活,2013.4,,,,,似香食,(获投状态：不明确),美食餐饮
,电子商务,2013.2,,,,,省钱达人,(A轮),其他电商服务
,汽车交通,2013.5,,,,,乐途网,(获投状态：不明确),交通出行
,广告营销,2012.12,,,,,乐享微信,(获投状态：不明确),移动及网络广告
,金融,2013.3,,,,,好贷网																			/ 心向优势,(C轮),借贷
,广告营销,2012.8,,,,,聚微合智,(获投状态：不明确),广告技术
,文化娱乐,2013.5,,,,,搜狗狗,(获投状态：不明确),影视
,电子商务,2012.10,,,,,易搭网,(天使轮),服装服饰
,游戏,2012.12,,,,,苏州折纸科技PapeStudio,(A轮),游戏开发商
,电子商务,2013.3,,,,,云度API,(获投状态：不明确),电商解决方案
City,FirstField,FoundTime,InvestCompany,Money,MoneyRound,MoneyTime,Name,Round,SecondField
,电子商务,2013.3,,,,,北鼻网,(获投状态：不明确),母婴玩具
,工具软件,2012.4,,,,,FoxAE,(获投状态：不明确),搜索引擎
,硬件,2008.3,,,,,中科创达,(已上市),综合硬件
,文化娱乐,2012.5,,,,,奥博科贝,(获投状态：不明确),媒体及阅读
,教育,2011.5,,,,,一本词典																			/ 语智云帆,(获投状态：不明确),语言学习
,企业服务,2013.1,,,,,微步,(A轮),销售营销
,工具软件,2013.7,,,,,微俱聚																			/ 微信加,(新三板),其他工具
,广告营销,2013.3,,,,,微信推推,(获投状态：不明确),移动及网络广告
,广告营销,2013.1,,,,,微信加,(新三板),移动及网络广告
,工具软件,2012.12,,,,,图灵PicLink,(获投状态：不明确),图像视频
,电子商务,2012.5,,,,,全球能人网,(获投状态：不明确),综合电商
,旅游,2010.9,,,,,行者帮,(尚未获投),旅游综合服务
,社交网络,2013.4,,,,,暖暖,(获投状态：不明确),陌生人交友
,游戏,2010.9,,,,,库库马力																			/ 星果网络,(A轮),游戏开发商
,游戏,2010.9,,,,,星果网络SeeGame,(A轮),游戏开发商
,社交网络,2012.6,,,,,暖暖																			/ 星果网络,(A轮),家庭熟人社交
,文化娱乐,2012.1,,,,,趣点,(获投状态：不明确),媒体及阅读
,广告营销,2013.1,,,,,众人互联,(获投状态：不明确),整合营销传播
,文化娱乐,2013.1,,,,,挖美图,(获投状态：不明确),视频
,企业服务,2009.11,,,,,甘肃智呈科技,(获投状态：不明确),行业信息化及解决方案
,企业服务,2004.11,,,,,美特软件,(获投状态：不明确),B2D开发者服务
,医疗健康,2012.11,,,,,私人医生网,(尚未获投),医疗信息化
,电子商务,2012.5,,,,,至尊手机店铺																			/ 卡塔科技,(天使轮),电商解决方案
,电子商务,2008.6,,,,,杭州卡塔科技,(天使轮),电商解决方案
,医疗健康,2003.1,,,,,康圣环球,(C轮),医疗综合服务
,金融,2007.9,,,,,中天嘉华,(C轮),金融综合服务
,游戏,2013.1,,,,,谷游科技																			/ 峡谷逃亡,(尚未获投),游戏开发商
,文化娱乐,2008.6,,,,,蜂巢网Artcomb,(获投状态：不明确),艺术
,文化娱乐,2014.8,,,,,ArtTact大咖拍卖,(Pre-A轮),艺术
,本地生活,2013.4,,,,,饭卡网,(获投状态：不明确),美食餐饮
,医疗健康,2011.8,,,,,Raiing睿仁医疗,(C轮),医疗器械及硬件
,医疗健康,2013.1,,,,,健康备忘录,(获投状态：不明确),健康保健
,电子商务,2013.1,,,,,益通网讯,(获投状态：不明确),电商解决方案
,企业服务,2009.2,,,,,展招,(尚未获投),其他企业服务
,工具软件,2013.1,,,,,管家系列移动应用																			/ 远创信息,(获投状态：不明确),实用生活服务
,旅游,2012.5,,,,,杭州波拉波拉,(天使轮),旅游信息化
,本地生活,2013.5,,,,,IDO婚礼分享网,(获投状态：不明确),婚礼婚庆
,广告营销,2013.3,,,,,SocialAgent社交特工,(天使轮),整合营销传播
,社交网络,2012.3,,,,,抬杠,(A轮),兴趣社区
,企业服务,2013.1,,,,,伯杰合力																			/ 优云桌面云,(获投状态：不明确),IT基础设施
,本地生活,2013.3,,,,,欢乐帮,(获投状态：不明确),本地综合生活
,游戏,2013.5,,,,,魔方网,(B轮),游戏媒体及社区
,本地生活,2013.3,,,,,易订365,(获投状态：不明确),休闲娱乐
,广告营销,2010.4,,,,,锋广告																			/ 富媒数字,(A轮),移动及网络广告
,文化娱乐,2010.4,,,,,锋阅网																			/ 富媒数字,(A轮),媒体及阅读
,电子商务,2009.10,,,,,Fields甫田网,(已被收购),生鲜食品
,旅游,2013.1,,,,,卓非旅游网Quafrica,(获投状态：不明确),跨境游
,旅游,2013.5,,,,,卓焕Quoasis,(获投状态：不明确),跨境游
,医疗健康,2013.5,,,,,慢活																			/ 慢病友,(获投状态：不明确),健康保健
,物流,2012.4,,,,,航家网,(获投状态：不明确),货运物流
,文化娱乐,2013.1,,,,,胶囊电影,(获投状态：不明确),视频
,文化娱乐,2012.9,,,,,TV拍拍																			/ 新感易搜,(获投状态：不明确),视频
,教育,2010.8,,,,,易轩昂网络,(A轮),语言学习
,教育,2012.12,,,,,帝恩学校,(A轮),语言学习
,教育,2011.5,,,,,八迪动漫单词,(天使轮),语言学习
,教育,2010.8,,,,,速学网																			/ 易轩昂,(天使轮),语言学习
,电子商务,2007.4,,,,,杭州东冠美盈软件,(A轮),数字虚拟商品
,电子商务,2013.2,,,,,9块9包邮汇,(A轮),综合电商
,游戏,2012.11,,,,,超合金战记,(A轮),游戏开发商
,电子商务,2012.11,,,,,摇摇礼券,(A轮),电商解决方案
,工具软件,2012.9,,,,,布谷提醒,(A轮),实用生活服务
,电子商务,2012.12,,,,,布谷鸟来客提醒,(获投状态：不明确),电商解决方案
,社交网络,2012.6,,,,,非常好看fchk.it,(获投状态：不明确),兴趣社区
,游戏,2011.10,,,,,MNE Creations,(天使轮),游戏开发商
,游戏,2009.8,,,,,CamelGames壳木软件,(已被收购),游戏开发商
,社交网络,2011.7,,,,,小恩爱,(A轮),婚恋交友
,金融,2013.1,,,,,玖那里																			/ 那里贷,(获投状态：不明确),借贷
,电子商务,2013.4,,,,,上街吧,(天使轮),服装服饰
,文化娱乐,2013.4,,,,,领拓云合LightOnUs,(天使轮),视频
,工具软件,2012.9,,,,,声纹锁屏																			/ 吟隆科技,(获投状态：不明确),其他工具
,游戏,2010.1,,,,,试玩网,(B轮),游戏媒体及社区
,游戏,2009.8,,,,,1006.tv																			/ 试玩网,(B轮),游戏媒体及社区
,游戏,2012.4,,,,,上海热泛信息																			/ 屌丝伞兵,(A轮),游戏开发商
,游戏,2009.1,,,,,融网汇智																			/ 玩立方,(尚未获投),游戏发行及渠道
,电子商务,2013.1,,,,,夜市儿																			/ 小摊儿,(获投状态：不明确),综合电商
,文化娱乐,2012.10,,,,,私橱网,(获投状态：不明确),媒体及阅读
,电子商务,2012.10,,,,,土特邦,(获投状态：不明确),生鲜食品
,电子商务,2012.5,,,,,浙江兴合电子商务,(A轮),生鲜食品
,电子商务,2012.5,,,,,美美零食																			/ 兴合电商,(天使轮),生鲜食品
,电子商务,2013.4,,,,,宝贝购,(获投状态：不明确),母婴玩具
,游戏,2011.2,,,,,武汉鱼之乐,(获投状态：不明确),游戏综合服务
,企业服务,2008.1,,,,,捷库动力GiKoo,(A+轮),人力资源
,教育,2012.12,,,,,一起作业,(E轮),K12
,教育,2010.12,,,,,宝宝巴士Baby Bus,(B轮),儿童早教
,企业服务,2012.8,,,,,北京智谷睿拓,(A轮),法律服务
,社交网络,2013.4,,,,,爱哒,(获投状态：不明确),婚恋交友
,游戏,2010.9,,,,,一零八科技108km,(获投状态：不明确),游戏开发商
,游戏,2013.1,,,,,掌聚互动,(获投状态：不明确),游戏发行及渠道
,本地生活,2012.4,,,,,拼豆拼车																			/ 拼豆科技,(天使轮),小区服务
,文化娱乐,2012.1,,,,,玩媒网																			/ 极智科技,(获投状态：不明确),媒体及阅读
,游戏,2012.3,,,,,浩劫																			/ 征伐网络,(获投状态：不明确),游戏开发商
,文化娱乐,2012.6,,,,,风云直播																			/ 云太和网络,(天使轮),视频
,游戏,2012.6,,,,,猫闪游戏,(尚未获投),游戏开发商
,企业服务,2010.1,,,,,Nuu微信平台																			/ 牛友信息,(天使轮),B2D开发者服务
,社交网络,2012.5,,,,,畅聊																			/ 派派,(A轮),综合社交
,游戏,2009.3,,,,,MagnetJoy磁聚乐科技,(尚未获投),游戏开发商
,企业服务,2014.2,,,,,红沙发Redcouch,(天使轮),其他企业服务
,体育运动,2008.8,,,,,易动网,(获投状态：不明确),体育媒体及社区
,电子商务,2012.8,,,,,淘人网,(获投状态：不明确),综合电商
,企业服务,2013.4,,,,,TapLinker触讯																			/ 翔傲信息,(获投状态：不明确),其他企业服务
,文化娱乐,2012.10,,,,,片片																			/ 原子互动,(天使轮),影视
,社交网络,2012.6,,,,,TV客																			/ 闪联云视,(A轮),其他社交
,工具软件,2008.7,,,,,365日历网																			/ 问日科技,(C轮),实用生活服务
,硬件,2006.4,,,,,惠道科技,(获投状态：不明确),消费电子
,旅游,2009.1,,,,,邮轮海旅行网,(获投状态：不明确),跨境游
,游戏,2012.12,,,,,拇指游,(获投状态：不明确),游戏媒体及社区
,工具软件,2013.4,,,,,uHave拥有																			/ Informatree,(获投状态：不明确),实用生活服务
,社交网络,2011.11,,,,,informatree																			/ intreest,(获投状态：不明确),其他社交
,工具软件,2012.10,,,,,点碰互动科技																			/ 碰碰,(天使轮),综合工具服务
,本地生活,2012.7,,,,,多维度,(C轮),美食餐饮
,教育,2011.7,,,,,别忘单词																			/ 惊世科技,(天使轮),语言学习
,体育运动,2011.7,,,,,别忘运动																			/ 惊世科技,(天使轮),体育媒体及社区
,文化娱乐,2012.8,,,,,多听网络																			/ 多听FM,(B轮),视频
,电子商务,2012.5,,,,,闹米科技,(A轮),电商解决方案
,企业服务,2012.8,,,,,GEO集奥聚合,(C轮),数据服务
,电子商务,2010.4,,,,,FashionDoo花生豆																			/ 维肖软件,(获投状态：不明确),服装服饰
,医疗健康,2011.5,,,,,友乐活,(A轮),健康保健
,医疗健康,2012.5,,,,,大姨妈,(F轮-上市前),健康保健
,硬件,2010.10,,,,,善从科技,(获投状态：不明确),智能家居
,工具软件,2012.6,,,,,爱分享																			/ 极客软件,(天使轮),文件文档
,硬件,2013.3,,,,,YeeLight易灯																			/ Yeelink,(A轮),智能家居
,硬件,2010.12,,,,,Yeelink,(A轮),智能家居
,硬件,2006.7,,,,,诚迈科技,(已上市),传感器及中间件
,硬件,2013.1,,,,,星目手机																			/ 诚迈科技,(已上市),消费电子
,游戏,2010.6,,,,,易启互动,(获投状态：不明确),游戏开发商
,企业服务,2010.4,,,,,班德尔科技ideabinder,(A轮),行业信息化及解决方案
,汽车交通,2005.6,,,,,My车位网,(天使轮),交通出行
,旅游,2013.3,,,,,同行者																			/ 汉泰科技,(Pre-A轮),旅游工具及社区
,旅游,2006.7,,,,,城市吧,(尚未获投),旅游信息化
,文化娱乐,2012.8,,,,,喜马拉雅,(E轮),媒体及阅读
,教育,2012.10,,,,,Ratonwork拓言新辞,(天使轮),语言学习
,房产服务,2011.8,,,,,合发房银,(获投状态：不明确),房产电商
,本地生活,2005.9,,,,,591结婚网,(B轮),婚礼婚庆
,企业服务,2012.1,,,,,微窝WeiWo,(天使轮),B2D开发者服务
,社交网络,2012.1,,,,,183聊聊																			/ 一把伞网络,(B轮),陌生人交友
,社交网络,2010.11,,,,,183社区																			/ 一把伞网络,(B轮),陌生人交友
,文化娱乐,2007.12,,,,,荔枝FM																			/ 荔支网络,(D轮),媒体及阅读
,汽车交通,2013.2,,,,,NextCar耐卡,(天使轮),汽车综合服务
,电子商务,1999.6,,,,,天天网,(新三板),化妆品
,汽车交通,2012.1,,,,,拍普																			/ 佳付乐,(获投状态：不明确),车联网及硬件
,社交网络,2013.3,,,,,乐换,(获投状态：不明确),家庭熟人社交
,工具软件,2012.11,,,,,网趣,(尚未获投),其他工具
,工具软件,2012.2,,,,,推推共享																			/ 风奇讯网络,(天使轮),文件文档
,工具软件,2012.6,,,,,AirJoy乐享,(天使轮),文件文档
,社交网络,2012.8,,,,,邀搭子,(获投状态：不明确),兴趣社区
,电子商务,2011.7,,,,,掌店,(获投状态：不明确),电商解决方案
,企业服务,2012.7,,,,,八百网,(获投状态：不明确),人力资源
,文化娱乐,2010.9,,,,,暴走漫画																			/ 摩摩信息,(D轮),动漫
,文化娱乐,2013.1,,,,,漫画家,(获投状态：不明确),动漫
,教育,2012.9,,,,,悠悠校园,(获投状态：不明确),教育综合服务
,电子商务,2011.1,,,,,乐裁网,(天使轮),服装服饰
,电子商务,2012.12,,,,,Jsensation,(获投状态：不明确),服装服饰
,企业服务,2010.1,,,,,V部落微部落																			/ 微笔记,(天使轮),办公OA
,工具软件,2010.1,,,,,手迹																			/ 海知科技,(天使轮),其他工具
,企业服务,2010.1,,,,,iknowing海知,(天使轮),办公OA
,房产服务,2011.9,,,,,有房网,(获投状态：不明确),房产综合服务
,企业服务,2011.3,,,,,北京布歌软件,(获投状态：不明确),行业信息化及解决方案
,电子商务,2013.4,,,,,俏花旦,(获投状态：不明确),服装服饰
,企业服务,2012.4,,,,,职空间,(获投状态：不明确),人力资源
,教育,2012.9,,,,,云词4																			/ 云词科技,(获投状态：不明确),语言学习
,教育,2008.11,,,,,云词英语																			/ 云词科技,(获投状态：不明确),语言学习
,本地生活,2012.10,,,,,菜谱网,(获投状态：不明确),美食餐饮
,工具软件,2011.9,,,,,九纬信息																			/ 九纬云桌面,(尚未获投),系统工具
,工具软件,2013.3,,,,,莲蓬网,(获投状态：不明确),事项及效率
,文化娱乐,2013.4,,,,,特特区																			/ 全人视界科技,(获投状态：不明确),视频
,房产服务,2012.10,,,,,特特房																			/ 全人国际,(获投状态：不明确),房产信息化
,文化娱乐,2001.4,,,,,全人视界,(获投状态：不明确),视频
,文化娱乐,2012.5,,,,,哇啦,(获投状态：不明确),影视
,企业服务,2011.5,,,,,福杰电子科技,(天使轮),行业信息化及解决方案
,本地生活,2011.7,,,,,蜂翼天使																			/ 阿姨的厨房,(A轮),美食餐饮
,文化娱乐,2013.5,,,,,Autotiming云字幕,(天使轮),媒体及阅读
,文化娱乐,2007.4,,,,,纳象云字幕																			/ 纳象立方,(A轮),媒体及阅读
,企业服务,2011.5,,,,,追信魔盒,(B轮),B2D开发者服务
,社交网络,2012.8,,,,,Blued																			/ 淡蓝网,(D轮),同性社交
,本地生活,2012.8,,,,,夜都市,(A轮),休闲娱乐
,游戏,2011.3,,,,,上海慕和网络,(已被收购),游戏综合服务
,工具软件,2013.1,,,,,WiFi伴侣																			/ 众联世纪,(A轮),无线通讯
,硬件,2009.8,,,,,优爱宝机器人																			/ 优爱智能,(新三板),机器人
,企业服务,2010.4,,,,,百草科技																			/ 百草云,(A轮),其他企业服务
,工具软件,2011.11,,,,,多多藏享,(天使轮),文件文档
,工具软件,2011.9,,,,,卓大师																			/ OPDA,(B轮),优化清理
,本地生活,2010.10,,,,,云家政,(B轮),家政服务
,本地生活,2013.3,,,,,Combo玩聚北京																			/ 玩聚时代,(天使轮),休闲娱乐
,电子商务,2013.4,,,,,店铺秀秀,(获投状态：不明确),3C电子
,工具软件,2011.10,,,,,UCam全能相机,(获投状态：不明确),图像视频
,社交网络,2013.3,,,,,许愿家,(获投状态：不明确),兴趣社区
,本地生活,2011.12,,,,,谷米网,(获投状态：不明确),美食餐饮
,本地生活,2007.3,,,,,嘉乐会,(获投状态：不明确),家政服务
,企业服务,2014.10,,,,,瀑布协作																			/ 瀑布IM,(天使轮),办公OA
,电子商务,2013.6,,,,,无二城,(获投状态：不明确),服装服饰
,电子商务,2012.11,,,,,礼物送,(尚未获投),综合电商
,广告营销,2013.1,,,,,移动通,(获投状态：不明确),移动及网络广告
,工具软件,2012.7,,,,,爱划词,(尚未获投),其他工具
,工具软件,2011.5,,,,,搜霸天下,(获投状态：不明确),搜索引擎
,旅游,2013.1,,,,,走呗网,(获投状态：不明确),旅游工具及社区
City,FirstField,FoundTime,InvestCompany,Money,MoneyRound,MoneyTime,Name,Round,SecondField
,企业服务,2012.6,,,,,信惠宝,(尚未获投),IT基础设施
City,FirstField,FoundTime,InvestCompany,Money,MoneyRound,MoneyTime,Name,Round,SecondField
,企业服务,2012.6,,,,,信惠宝,(尚未获投),IT基础设施
,企业服务,2011.10,,,,,凯英博科技,(获投状态：不明确),B2D开发者服务
,文化娱乐,2013.1,,,,,重庆搜索科技,(A轮),媒体及阅读
,社交网络,2013.1,,,,,洋葱圈,(获投状态：不明确),兴趣社区
,教育,2013.3,,,,,长趣网,(获投状态：不明确),儿童早教
,广告营销,2012.10,,,,,索孚科技Soforit,(天使轮),整合营销传播
,电子商务,2013.4,,,,,吃货盒子,(获投状态：不明确),生鲜食品
,房产服务,2012.4,,,,,尖椒网,(获投状态：不明确),房产综合服务
,医疗健康,2012.3,,,,,新前途网络																			/ 永葆青春动动操,(天使轮),健康保健
,旅游,2011.4,,,,,怡途旅行网,(尚未获投),旅游综合服务
,工具软件,2012.12,,,,,SeedMail																			/ 红树岛科技,(天使轮),事项及效率
,医疗健康,2012.9,,,,,珠海三益堂,(C轮),健康保健
,企业服务,2008.1,,,,,酷享信息CooShare,(获投状态：不明确),其他企业服务
,游戏,2012.10,,,,,万友引力,(A轮),游戏开发商
,企业服务,2012.11,,,,,UCAI																			/ UCAI,(A轮),行业信息化及解决方案
,工具软件,2010.1,,,,,安心360,(获投状态：不明确),位置定位
,金融,2011.5,,,,,ASICME.COM																			/ MeetEnd,(天使轮),虚拟货币
,金融,2010.8,,,,,24Pay掌付通,(天使轮),支付
,体育运动,2012.11,,,,,乐奇足球																			/ 米诺奇科技,(A轮),体育设施及场馆
,教育,2011.8,,,,,爱宝宝,(A轮),儿童早教
,文化娱乐,2013.1,,,,,乐播																			/ 酷旺科科技,(A轮),视频
,社交网络,2012.2,,,,,比翼鸟交友网,(获投状态：不明确),婚恋交友
,房产服务,2013.4,,,,,我要短租																			/ 51短租,(获投状态：不明确),租房
,物流,2011.1,,,,,运哪儿,(获投状态：不明确),其他物流
,金融,2012.1,,,,,宽客网,(尚未获投),理财
,电子商务,2012.7,,,,,Safy																			/ 四目信息,(天使轮),其他电商服务
,电子商务,2012.11,,,,,杭州汇云网络,(获投状态：不明确),生鲜食品
,工具软件,2012.11,,,,,食品卫士,(获投状态：不明确),其他工具
,硬件,2013.6,,,,,闪点Flashunit,(获投状态：不明确),可穿戴设备
,工具软件,2013.1,,,,,秒拍																			/ 小咔网络,(已被收购),图像视频
,企业服务,2013.4,,,,,Begin*,(获投状态：不明确),行业信息化及解决方案
,汽车交通,2012.9,,,,,公平价,(B轮),二手车
,电子商务,2013.1,,,,,即点购,(获投状态：不明确),综合电商
,社交网络,2013.5,,,,,半步网Halfeet,(尚未获投),陌生人交友
,企业服务,2012.10,,,,,Colorwork,(天使轮),办公OA
,社交网络,2012.5,,,,,P1.com亚艺互动,(A轮),兴趣社区
,游戏,2013.6,,,,,90370小游戏网,(获投状态：不明确),游戏发行及渠道
,电子商务,2013.6,,,,,秘密花园,(获投状态：不明确),综合电商
,企业服务,2012.3,,,,,MadeiraCloud麦德云,(A轮),B2D开发者服务
,旅游,2012.1,,,,,找好玩																			/ 图趣网络,(获投状态：不明确),国内游
,文化娱乐,2013.4,,,,,济南天地网联科技,(获投状态：不明确),媒体及阅读
,社交网络,2012.1,,,,,我帮圈圈,(获投状态：不明确),校园社交
,文化娱乐,2013.1,,,,,2D.AM																			/ 次元AM,(获投状态：不明确),媒体及阅读
,硬件,2013.1,,,,,橙品节操手机,(获投状态：不明确),消费电子
,游戏,2012.10,,,,,北京帝江网络,(A轮),游戏开发商
,旅游,2011.5,,,,,E旅行网,(获投状态：不明确),跨境游
,文化娱乐,2014.5,,,,,推酷网,(天使轮),媒体及阅读
,游戏,2009.6,,,,,云游游MMOFUN,(获投状态：不明确),游戏发行及渠道
,企业服务,2010.8,,,,,汕头捷度信息																			/ 健康簿,(获投状态：不明确),行业信息化及解决方案
,硬件,2009.12,,,,,深圳绿拓科技,(获投状态：不明确),智能家居
,社交网络,2012.6,,,,,左耳																			/ 奇石浩宇,(A轮),陌生人交友
,教育,2009.9,,,,,乐辅通辅导王,(A轮),K12
,电子商务,2008.12,,,,,BLOVES婚戒定制,(D轮),珠宝首饰
,企业服务,2010.8,,,,,易手邦																			/ 中微通,(A轮),行业信息化及解决方案
,企业服务,2010.1,,,,,EEPlat云鹤平台,(天使轮),数据服务
,旅游,2012.10,,,,,Trippal,(天使轮),跨境游
,硬件,2013.9,,,,,SciXair空气净化器,(A轮),智能家居
,金融,2010.7,,,,,爱贝云计费,(B轮),支付
,企业服务,2013.5,,,,,大律师,(获投状态：不明确),法律服务
,文化娱乐,2010.8,,,,,众播传媒,(获投状态：不明确),视频
,文化娱乐,2007.9,,,,,Logicdesign,(获投状态：不明确),设计及创意
,本地生活,2011.5,,,,,厨来厨往,(获投状态：不明确),美食餐饮
,金融,2013.3,,,,,点融网,(E轮),借贷
,汽车交通,2011.4,,,,,司机邦,(已被收购),车主工具及服务
,文化娱乐,2013.3,,,,,粉丝宝,(获投状态：不明确),综合文娱
,社交网络,2012.2,,,,,亲近																			/ 掌上维度,(天使轮),陌生人交友
,本地生活,2013.3,,,,,游迹语音助手,(尚未获投),本地综合生活
,工具软件,2012.11,,,,,知趣天气																			/ 扬讯科技,(新三板),实用生活服务
,社交网络,2013.5,,,,,拔丝活动,(获投状态：不明确),商务社交
,企业服务,2009.10,,,,,拉风网																			/ 光合无线,(获投状态：不明确),B2D开发者服务
,社交网络,2011.5,,,,,keep＋																			/ 点云科技,(天使轮),家庭熟人社交
,本地生活,2013.3,,,,,Mapets宠物生活,(获投状态：不明确),宠物服务
,金融,2011.6,,,,,卡卡理财,(获投状态：不明确),理财
,汽车交通,2010.5,,,,,上海亿径智能科技,(获投状态：不明确),交通出行
,房产服务,2013.3,,,,,随手房,(获投状态：不明确),房产信息化
,房产服务,2010.7,,,,,深圳虎之翼科技,(A轮),房产信息化
,广告营销,2012.1,,,,,新动科技,(获投状态：不明确),移动及网络广告
,汽车交通,2013.3,,,,,51打的,(获投状态：不明确),交通出行
,社交网络,2013.5,,,,,捉友,(获投状态：不明确),家庭熟人社交
,社交网络,2013.5,,,,,美聊,(获投状态：不明确),商务社交
,房产服务,2010.7,,,,,租售365,(A轮),房产信息化
,工具软件,2013.6,,,,,流量超人,(A轮),其他工具
,工具软件,2013.5,,,,,voice360,(获投状态：不明确),无线通讯
,物流,2010.6,,,,,维天运通																			/ 路歌,(A+轮),其他物流
,社交网络,2012.6,,,,,坚果领地科技																			/ 家缘,(获投状态：不明确),婚恋交友
,企业服务,2013.4,,,,,18云办公,(获投状态：不明确),办公OA
,旅游,2012.9,,,,,一块去旅行网																			/ 一块去,(新三板),国内游
,工具软件,2013.2,,,,,WiFi大师																			/ WiFi Master,(A轮),无线通讯
,本地生活,2013.1,,,,,去哪拍,(获投状态：不明确),婚礼婚庆
,文化娱乐,2009.11,,,,,48Hourslogo,(获投状态：不明确),设计及创意
,游戏,2011.12,,,,,上海小葱网络,(B轮),游戏开发商
,社交网络,2013.5,,,,,表白神器																			/ 快络科技,(天使轮),婚恋交友
,文化娱乐,2011.9,,,,,K歌达人,(A轮),音乐
,企业服务,2011.2,,,,,大明网络,(获投状态：不明确),其他企业服务
,工具软件,2012.8,,,,,成都风搜科技																			/ Voice360,(获投状态：不明确),无线通讯
,汽车交通,2013.6,,,,,91拍车网,(获投状态：不明确),二手车
,教育,2013.3,,,,,视频课堂,(获投状态：不明确),教育综合服务
,文化娱乐,2012.10,,,,,微信园,(获投状态：不明确),媒体及阅读
,企业服务,2013.1,,,,,速办																			/ 壹管理,(获投状态：不明确),办公OA
,本地生活,2011.7,,,,,深圳美蜜网络																			/ 每日一妆,(获投状态：不明确),美业服务
,文化娱乐,2012.7,,,,,Rssdu锐读书城,(获投状态：不明确),媒体及阅读
,社交网络,2011.10,,,,,路口lookle,(A轮),综合社交
,本地生活,2012.8,,,,,爱好吃,(获投状态：不明确),美食餐饮
,社交网络,2013.1,,,,,时间拍卖网,(天使轮),商务社交
,工具软件,2013.1,,,,,话说OpenCom																			/ 周百通科技,(获投状态：不明确),综合工具服务
,电子商务,2012.6,,,,,订菜网																			/ 苏州朗然网络,(获投状态：不明确),生鲜食品
,企业服务,2008.5,,,,,北京益博德科技																			/ embede,(Pre-B轮),行业信息化及解决方案
,汽车交通,2013.1,,,,,易叫车,(获投状态：不明确),交通出行
,旅游,2011.9,,,,,骑记科技,(B轮),主题特色游
,硬件,2012.10,,,,,深圳海极光科技,(获投状态：不明确),传感器及中间件
,旅游,2013.3,,,,,WeeGo我去旅行,(A轮),跨境游
,企业服务,2013.1,,,,,GuestOps,(天使轮),销售营销
,医疗健康,2004.9,,,,,青松康护,(B轮),健康保健
,医疗健康,2013.2,,,,,上医网,(天使轮),寻医诊疗
,社交网络,2013.4,,,,,i微聚																			/ 广州聚多网络,(A轮),陌生人交友
,游戏,2012.8,,,,,数码方块Pixelmatic,(天使轮),游戏开发商
,文化娱乐,2013.6,,,,,听伴,(A+轮),视频
,文化娱乐,2013.1,,,,,唱K,(获投状态：不明确),综合文娱
,硬件,2012.9,,,,,Hex Airbot																			/ Flexbot,(天使轮),飞行器
,文化娱乐,2011.2,,,,,MoboPlayer,(A轮),视频
,文化娱乐,2013.6,,,,,车语传媒,(C轮),综合文娱
,旅游,2010.3,,,,,如此户外,(A轮),主题特色游
,本地生活,2012.8,,,,,美食美刻,(天使轮),美食餐饮
,房产服务,2012.5,,,,,租这儿,(天使轮),租房
,物流,2012.2,,,,,考拉迷你仓																			/ 迷你考拉,(B轮),仓储服务
,房产服务,2012.8,,,,,购居网,(获投状态：不明确),房产电商
,游戏,2011.9,,,,,上海明游网络,(天使轮),游戏开发商
,文化娱乐,2010.10,,,,,创造者科技																			/ 春光里,(尚未获投),设计及创意
,企业服务,2013.3,,,,,芒果云,(获投状态：不明确),销售营销
,广告营销,2010.6,,,,,分享传媒MediaShare,(A轮),整合营销传播
,电子商务,2013.6,,,,,妙物,(获投状态：不明确),综合电商
,电子商务,2010.5,,,,,SeeStory伊视可,(B轮),综合电商
,文化娱乐,2011.7,,,,,爱看豆,(天使轮),媒体及阅读
,电子商务,2011.10,,,,,蛋生网OCChome,(天使轮),母婴玩具
,广告营销,2012.6,,,,,MediaCross云联网络																			/ 云通慧联,(A轮),整合营销传播
,企业服务,2009.6,,,,,深圳中光远科技,(天使轮),行业信息化及解决方案
,电子商务,2011.4,,,,,收货宝,(A轮),电商解决方案
,工具软件,2013.1,,,,,赋格科技Fogrid																			/ Connected,(天使轮),无线通讯
,企业服务,2012.4,,,,,深圳晟思智能电网,(天使轮),行业信息化及解决方案
,汽车交通,2010.6,,,,,迪纳科技																			/ 车行者/车小二,(B轮),车联网及硬件
,企业服务,2011.3,,,,,乐荐网络,(天使轮),数据服务
,游戏,2011.1,,,,,MarsTV耀宇文化传媒,(新三板),游戏开发商
,游戏,2013.6,,,,,1mpact Games,(获投状态：不明确),游戏开发商
,汽车交通,2012.9,,,,,飞路快导航,(获投状态：不明确),交通出行
,旅游,2012.3,,,,,上海西示网络,(A+轮),旅游信息化
,汽车交通,2010.1,,,,,上海雷腾软件,(尚未获投),车联网及硬件
,电子商务,2012.12,,,,,男人尚,(获投状态：不明确),服装服饰
,电子商务,2013.5,,,,,Pingle品购,(获投状态：不明确),综合电商
,企业服务,2012.9,,,,,WiTown树熊网络,(B轮),销售营销
,电子商务,2010.6,,,,,益商优势																			/ ESUS,(天使轮),电商解决方案
,医疗健康,2013.2,,,,,问病网																			/ 上海起越网络,(获投状态：不明确),寻医诊疗
,游戏,2013.5,,,,,玩玩去,(获投状态：不明确),游戏开发商
,旅游,2012.3,,,,,周五旅游网																			/ 西示网络,(A轮),景点门票
,文化娱乐,2011.10,,,,,快秀																			/ 玩视频,(Pre-A轮),视频
,电子商务,2013.6,,,,,EagleEye,(获投状态：不明确),电商解决方案
,电子商务,2011.10,,,,,上河网,(天使轮),生鲜食品
,本地生活,2013.5,,,,,身边家政,(获投状态：不明确),家政服务
,社交网络,2012.4,,,,,Cubie Messenger																			/ Gamelet,(天使轮),综合社交
,电子商务,2013.1,,,,,木头公园,(获投状态：不明确),家居家纺
,广告营销,2011.5,,,,,巨鹿移动,(已被收购),移动及网络广告
,工具软件,2012.12,,,,,图聚智能																			/ Palmap,(新三板),位置定位
,工具软件,2013.1,,,,,忆捷信通科技																			/ 1KEY,(获投状态：不明确),安全隐私
,工具软件,2013.1,,,,,NoQ不排队																			/ 巨兴传媒,(天使轮),实用生活服务
,金融,2012.5,,,,,得财记账,(获投状态：不明确),理财
,电子商务,2012.8,,,,,Powerful泡否科技,(A轮),综合电商
,企业服务,2011.6,,,,,巨兴数码Massvig,(天使轮),行业信息化及解决方案
,社交网络,2012.6,,,,,麦圈,(天使轮),商务社交
,电子商务,2011.10,,,,,SaveBar省省吧,(获投状态：不明确),电商解决方案
,社交网络,2011.9,,,,,乐乐																			/ i366,(获投状态：不明确),陌生人交友
,文化娱乐,2012.6,,,,,爱秀吧,(天使轮),综合文娱
,社交网络,2013.3,,,,,秀秀																			/ 惠州市三联科技,(获投状态：不明确),其他社交
,电子商务,2012.6,,,,,ISpied维他命时尚,(A轮),服装服饰
,社交网络,2012.7,,,,,骰友,(获投状态：不明确),陌生人交友
,医疗健康,2013.5,,,,,e护士																			/ 元气堂电子科技,(获投状态：不明确),健康保健
,教育,2011.6,,,,,重庆美牛科技																			/ 给力背单词,(获投状态：不明确),语言学习
,教育,2004.7,,,,,爱乐奇,(D轮),语言学习
,电子商务,2011.8,,,,,优客																			/ 美丽衣橱,(天使轮),服装服饰
,文化娱乐,2011.7,,,,,每日维他命,(获投状态：不明确),媒体及阅读
,企业服务,2013.4,,,,,360淘人网,(种子轮),人力资源
,社交网络,2011.12,,,,,西安点动网络科技,(尚未获投),其他社交
,硬件,2012.10,,,,,极路由HiWiFi																			/ 极科极客科技,(A+轮),智能家居
,广告营销,2012.8,,,,,Joyplus秀视智能,(A轮),整合营销传播
,企业服务,2011.12,,,,,宏路网络HyperS,(获投状态：不明确),数据服务
,文化娱乐,2013.6,,,,,KnewSmart新智派																			/ 美推网络,(尚未获投),媒体及阅读
,广告营销,2012.9,,,,,积点商城,(获投状态：不明确),移动及网络广告
,硬件,2013.5,,,,,芯灵思电子科技Sinlinx,(获投状态：不明确),芯片半导体
,企业服务,2013.3,,,,,微洽,(尚未获投),综合企业服务
,文化娱乐,2013.1,,,,,明星脸,(A轮),视频
,电子商务,2012.11,,,,,微护照Weipass,(A轮),电商解决方案
,文化娱乐,2015.1,,,,,星球发行																			/ 欢唱网络,(尚未获投),音乐
,社交网络,2013.8,,,,,某某																			/ 原子互动,(天使轮),婚恋交友
,工具软件,2012.4,,,,,摆弄网,(获投状态：不明确),应用商店
,工具软件,2012.6,,,,,雨闻乾晨																			/ 表情大全,(天使轮),其他工具
,游戏,2010.8,,,,,豪腾嘉科Hortor																			/ 疯狂猜图,(已被收购),游戏开发商
,文化娱乐,2013.1,,,,,无限唱,(尚未获投),综合文娱
,企业服务,2013.4,,,,,打工易,(获投状态：不明确),人力资源
,文化娱乐,2013.1,,,,,星途,(获投状态：不明确),音乐
,企业服务,2008.4,,,,,问道网,(获投状态：不明确),其他企业服务
,旅游,2013.2,,,,,Feekr旅行分享汇,(天使轮),旅游工具及社区
,电子商务,2008.10,,,,,北京乐投科技,(A轮),3C电子
,汽车交通,2013.5,,,,,微代驾,(天使轮),交通出行
,游戏,2011.1,,,,,北京新游无限科技,(A轮),游戏开发商
,汽车交通,2013.2,,,,,微打车,(获投状态：不明确),交通出行
,企业服务,2009.6,,,,,问评网,(获投状态：不明确),人力资源
,电子商务,2013.6,,,,,三维度商城,(A轮),电商解决方案
,文化娱乐,2013.5,,,,,爱听爱说,(获投状态：不明确),视频
,旅游,2012.4,,,,,千夜旅游,(A轮),旅游工具及社区
,本地生活,2012.3,,,,,宝贝盒子BeaBox,(获投状态：不明确),美业服务
,硬件,2011.10,,,,,Makeblock,(C轮),机器人
,旅游,2013.1,,,,,搭伴玩,(天使轮),旅游工具及社区
,物流,2006.6,,,,,船讯网,(B轮),其他物流
,教育,2010.10,,,,,超级课堂,(A轮),K12
,金融,2013.6,,,,,保本无忧,(获投状态：不明确),理财
,汽车交通,2012.12,,,,,修车帮,(获投状态：不明确),汽车后服务
,医疗健康,2001.12,,,,,快乐谷,(获投状态：不明确),健康保健
,工具软件,2012.2,,,,,Joome,(已被收购),其他工具
,教育,2012.3,,,,,墨齐科技MoreChinese,(获投状态：不明确),儿童早教
,旅游,2012.12,,,,,酒店伴侣,(获投状态：不明确),交通食宿
,社交网络,2013.2,,,,,咔嚓																			/ 美博雅网络MobileArt,(天使轮),综合社交
,企业服务,2011.4,,,,,Teambition,(B+轮),办公OA
,社交网络,2013.4,,,,,美遇,(获投状态：不明确),陌生人交友
,游戏,2013.6,,,,,广州轩游网络																			/ 远古战歌,(尚未获投),游戏开发商
,电子商务,2012.1,,,,,性价比																			/ 厦门海豹信息,(A轮),其他电商服务
,金融,2011.12,,,,,三维度支付																			/ 红条购物,(获投状态：不明确),支付
,本地生活,2012.9,,,,,打扮妞,(天使轮),美业服务
,房产服务,2010.7,,,,,3D蜗窝网,(天使轮),房产电商
,本地生活,2012.10,,,,,美肤志,(获投状态：不明确),美业服务
,企业服务,2011.12,,,,,北京鑫光智信																			/ 静脉识别,(尚未获投),企业安全
,本地生活,2012.5,,,,,美美豆,(天使轮),美业服务
,教育,2012.9,,,,,英语口语控,(天使轮),语言学习
,电子商务,2012.11,,,,,美啦,(C轮),化妆品
,游戏,2011.6,,,,,聚悦方寸,(天使轮),游戏开发商
,教育,2012.9,,,,,爱卡微口语,(天使轮),语言学习
,企业服务,2013.1,,,,,玉米会议,(尚未获投),办公OA
,文化娱乐,2012.8,,,,,印美图,(尚未获投),视频
,电子商务,2013.1,,,,,优爱尚网,(获投状态：不明确),服装服饰
,电子商务,2012.9,,,,,优物库,(天使轮),电商解决方案
,房产服务,2013.4,,,,,看房网,(获投状态：不明确),房产电商
,汽车交通,2009.6,,,,,百车团,(获投状态：不明确),汽车电商
,游戏,2013.4,,,,,异星																			/ 乐赛孚科技,(获投状态：不明确),游戏开发商
,电子商务,2013.1,,,,,口袋通																			/ 起码科技,(A轮),电商解决方案
,金融,2010.3,,,,,百付天下,(战略投资),支付
,电子商务,2013.4,,,,,美哟,(获投状态：不明确),化妆品
,文化娱乐,2013.5,,,,,放映TV																			/ 略晓互动,(获投状态：不明确),影视
,金融,2010.5,,,,,i美股,(C轮),股票
,硬件,2012.1,,,,,上海必邦信息科技,(天使轮),其他硬件服务
,教育,2011.1,,,,,学而习之,(A轮),K12
,文化娱乐,2013.5,,,,,Mookhub,(获投状态：不明确),视频
,体育运动,2013.4,,,,,乐动力,(已被收购),大众健身
,教育,2009.12,,,,,安琪艾可AngellEcho,(A轮),儿童早教
,教育,2012.8,,,,,730数字校园平台																			/ 上海英和文化传播,(天使轮),K12
,教育,2011.12,,,,,魔力小孩Magikid,(A轮),儿童早教
,房产服务,2011.8,,,,,装修快车网,(获投状态：不明确),装修装潢
,金融,2010.3,,,,,雪球,(D轮),股票
,汽车交通,2002.11,,,,,事成信息																			/ 可多信息,(A轮),车联网及硬件
,企业服务,2013.4,,,,,比一下,(天使轮),数据服务
,文化娱乐,2012.9,,,,,红酒人生,(获投状态：不明确),媒体及阅读
,本地生活,2012.4,,,,,比邻网,(获投状态：不明确),小区服务
,医疗健康,2012.4,,,,,多C网																			/ 引力波信息,(天使轮),健康保健
,广告营销,2012.10,,,,,Joymap上海百奕,(获投状态：不明确),整合营销传播
,硬件,2012.10,,,,,inWatch映趣科技,(A+轮),消费电子
,工具软件,2012.9,,,,,上海帛茂信息,(获投状态：不明确),系统工具
,本地生活,2013.5,,,,,易乐订,(获投状态：不明确),美食餐饮
,教育,2012.11,,,,,Roam & Wander,(A轮),儿童早教
,游戏,2013.3,,,,,乐游网,(获投状态：不明确),游戏媒体及社区
,房产服务,2012.6,,,,,办办网,(天使轮),商业房产
,电子商务,2011.10,,,,,Citiesocial,(A轮),综合电商
,教育,2012.8,,,,,超级课程表,(B轮),高等教育
,硬件,2008.8,,,,,SeeedStudio矽递科技,(B轮),综合硬件
,硬件,2010.2,,,,,DFRobot智位机器人																			/ 智位股份,(新三板),机器人
,电子商务,2011.8,,,,,优集品,(B+轮),综合电商
,文化娱乐,2011.5,,,,,云成互动,(A轮),视频
,文化娱乐,2013.1,,,,,时尚旅程LadyFan,(获投状态：不明确),媒体及阅读
,硬件,2010.10,,,,,速盟Soomax,(获投状态：不明确),消费电子
,企业服务,2008.3,,,,,纷享销客																			/ 纷享逍客,(战略投资),销售营销
,电子商务,2013.1,,,,,志潮网,(获投状态：不明确),服装服饰
,汽车交通,2013.2,,,,,Driving Curve,(天使轮),车主工具及服务
,电子商务,2013.3,,,,,美加乐,(A轮),服装服饰
,硬件,2012.4,,,,,我爱电视																			/ 墨子科技,(已被收购),消费电子
,文化娱乐,2009.12,,,,,墨子科技,(已被收购),影视
,教育,2013.5,,,,,学活儿																			/ 爱学活,(获投状态：不明确),兴趣教育
,游戏,2012.2,,,,,微语音																			/ 烁动科技/ShortTail Lab,(获投状态：不明确),游戏开发商
,教育,2011.5,,,,,宝贝英语说																			/ 宝贝全计划,(C轮),儿童早教
,房产服务,2012.8,,,,,楼客网,(尚未获投),商业房产
,文化娱乐,2012.2,,,,,魔力视频Moliplayer,(获投状态：不明确),视频
,社交网络,2012.5,,,,,比邻,(A轮),陌生人交友
,文化娱乐,2012.4,,,,,考拉音乐																			/ 上海音阅谷,(获投状态：不明确),音乐
,汽车交通,2011.10,,,,,灏泷智能																			/ DSD行车安全电脑,(获投状态：不明确),车联网及硬件
,电子商务,2013.3,,,,,问购网,(尚未获投),综合电商
,文化娱乐,2013.6,,,,,全音网,(获投状态：不明确),音乐
,硬件,2009.7,,,,,苏州贝昂科技,(B轮),消费电子
,文化娱乐,2012.10,,,,,ViKU影视																			/ 威酷,(获投状态：不明确),影视
,游戏,2012.1,,,,,傲逆软件Onipunks,(获投状态：不明确),游戏开发商
,电子商务,2013.1,,,,,掌上e店																			/ 点商无线,(获投状态：不明确),电商解决方案
,文化娱乐,2012.8,,,,,移看TV,(获投状态：不明确),影视
,旅游,2012.7,,,,,我要免费游,(获投状态：不明确),旅游综合服务
,社交网络,2012.10,,,,,名档网,(尚未获投),商务社交
,电子商务,2013.2,,,,,爱颜色网,(获投状态：不明确),服装服饰
,工具软件,2012.7,,,,,QTestin云测宝,(B轮),其他工具
,电子商务,2012.1,,,,,我爱酒,(尚未获投),生鲜食品
,广告营销,2012.10,,,,,拍蜜优,(获投状态：不明确),整合营销传播
,企业服务,2011.9,,,,,Testin云测网络,(C轮),B2D开发者服务
,广告营销,2013.5,,,,,365微服务																			/ 365微信管家,(A轮),移动及网络广告
,工具软件,2012.9,,,,,mTestin,(B轮),其他工具
,企业服务,2011.4,,,,,365快捷客服,(获投状态：不明确),其他企业服务
,电子商务,2011.8,,,,,搜拍网,(获投状态：不明确),大宗商品
,企业服务,2009.12,,,,,销售慧智WizSales,(获投状态：不明确),销售营销
,电子商务,2010.10,,,,,宙斯管家,(获投状态：不明确),电商解决方案
,汽车交通,2007.1,,,,,坐车网,(获投状态：不明确),交通出行
,教育,2009.4,,,,,幼儿云,(A轮),儿童早教
,广告营销,2012.7,,,,,趣米																			/ 易特广告联盟,(获投状态：不明确),移动及网络广告
,金融,2012.6,,,,,多多财富网,(获投状态：不明确),理财
,金融,2013.1,,,,,存折网,(尚未获投),理财
,教育,2011.1,,,,,SmarTots聪明多,(A轮),儿童早教
,企业服务,2011.5,,,,,易问出行助手																			/ 易步,(获投状态：不明确),B2D开发者服务
,电子商务,2012.12,,,,,天一网,(天使轮),服装服饰
,硬件,2008.1,,,,,ThinkHome宁波智轩物联网,(天使轮),智能家居
,文化娱乐,2011.10,,,,,大有网,(获投状态：不明确),媒体及阅读
,游戏,2009.10,,,,,大掌门																			/ 玩蟹科技,(已被收购),游戏开发商
,电子商务,2010.4,,,,,炫客网,(天使轮),服装服饰
,工具软件,2011.8,,,,,格子箱网络Gezbox,(Pre-A轮),其他工具
,电子商务,2013.2,,,,,92社区																			/ 格子箱,(获投状态：不明确),电商解决方案
,企业服务,2009.1,,,,,宁波鄞州和炫软件,(天使轮),行业信息化及解决方案
,汽车交通,2011.12,,,,,携车网,(新三板),汽车后服务
,工具软件,2012.12,,,,,客户邦,(获投状态：不明确),实用生活服务
,工具软件,2012.1,,,,,上网快鸟																			/ 晨风云,(天使轮),优化清理
,工具软件,2012.5,,,,,生活日历,(天使轮),实用生活服务
,文化娱乐,2007.2,,,,,众晶数码																			/ 魔影工厂,(获投状态：不明确),视频
,本地生活,2012.7,,,,,Mr.shoes大象洗鞋馆,(天使轮),家政服务
,文化娱乐,2013.4,,,,,Music to APP,(天使轮),音乐
,电子商务,2012.7,,,,,青岛诺动信息科技,(获投状态：不明确),其他电商服务
,工具软件,2013.2,,,,,微贺卡,(天使轮),实用生活服务
,社交网络,2013.4,,,,,比邻时空BeLinked,(天使轮),家庭熟人社交
,广告营销,2010.12,,,,,喇叭网,(天使轮),整合营销传播
,本地生活,2012.11,,,,,微差事																			/ 亿宇网络,(A轮),其他生活服务
,社交网络,2011.6,,,,,名片碰碰,(A轮),商务社交
,工具软件,2011.11,,,,,全国空气质量指数																			/ 天梯网络,(尚未获投),实用生活服务
,电子商务,2013.3,,,,,花儿秀,(获投状态：不明确),服装服饰
,汽车交通,2013.3,,,,,熊猫公交,(天使轮),交通出行
,企业服务,2012.9,,,,,人人猎头,(A轮),人力资源
,电子商务,2012.2,,,,,一米店平台																			/ 翼米恒通,(获投状态：不明确),电商解决方案
,工具软件,2013.2,,,,,Design to talk																			/ Gezbox,(获投状态：不明确),综合工具服务
,金融,2010.11,,,,,保合宝,(获投状态：不明确),保险
,游戏,2013.5,,,,,谁是卧底VoiceGame,(天使轮),游戏开发商
,企业服务,2013.5,,,,,轻工作,(获投状态：不明确),销售营销
,文化娱乐,2012.12,,,,,音乐雷达DoReSo,(已被收购),音乐
,企业服务,2013.1,,,,,红芯Redcore,(C轮),IT基础设施
,硬件,2011.6,,,,,聚熵智能																			/ 小智管家机器人,(B轮),智能家居
,金融,2014.9,,,,,牛牛理财,(尚未获投),理财
,游戏,2012.7,,,,,打卡网,(获投状态：不明确),游戏开发商
,汽车交通,2012.5,,,,,快的打车,(已被收购),交通出行
,游戏,2011.4,,,,,凯特乐游																			/ Catelgame,(获投状态：不明确),游戏开发商
,旅游,2011.12,,,,,途家网,(E轮),交通食宿
,企业服务,2012.5,,,,,日志宝,(天使轮),企业安全
,电子商务,2007.12,,,,,亿佰购物,(B轮),综合电商
,教育,2011.7,,,,,51Talk无忧英语,(已上市),语言学习
,金融,2012.8,,,,,卡小二,(A轮),信用及征信
,电子商务,2012.11,,,,,可比网,(A轮),综合电商
,文化娱乐,2012.6,,,,,Jing.fm,(已被收购),音乐
,硬件,2012.8,,,,,语义云,(A轮),其他硬件服务
,企业服务,2011.10,,,,,Diggerlab滴博网络,(天使轮),B2D开发者服务
,企业服务,2012.12,,,,,hihocoder,(天使轮),人力资源
,教育,2012.9,,,,,有乐网,(天使轮),儿童早教
,本地生活,2009.10,,,,,点我达,(战略投资),美食餐饮
,游戏,2012.9,,,,,水果手游市场,(获投状态：不明确),游戏发行及渠道
,文化娱乐,2011.5,,,,,Mugeda木疙瘩,(A轮),视频
,医疗健康,2012.11,,,,,FitRoot,(天使轮),健康保健
,电子商务,2011.3,,,,,拍满意摄影商城,(获投状态：不明确),综合电商
,教育,2011.1,,,,,信恩科技MobEdu,(A轮),儿童早教
,医疗健康,2013.4,,,,,康知网,(A轮),健康保健
,社交网络,2013.5,,,,,vTalk.im,(获投状态：不明确),兴趣社区
,游戏,2013.4,,,,,娱玩游戏平台,(新三板),游戏发行及渠道
,电子商务,2011.10,,,,,壹锦网,(天使轮),服装服饰
,文化娱乐,2012.4,,,,,Magicrew,(天使轮),视频
,企业服务,2011.10,,,,,北京方研矩行科技,(天使轮),行业信息化及解决方案
,工具软件,2012.10,,,,,大桌子云桌面,(天使轮),事项及效率
,旅游,2012.3,,,,,丸子地球,(A轮),跨境游
,旅游,2013.5,,,,,互助网,(天使轮),旅游工具及社区
,教育,2013.1,,,,,ChaseFuture敢想,(天使轮),出国留学
,社交网络,2012.3,,,,,登登,(获投状态：不明确),兴趣社区
,文化娱乐,2013.4,,,,,Tiaooo跳跳网																			/ 睿仕文化,(A轮),综合文娱
,汽车交通,2011.5,,,,,微格互动,(天使轮),车主工具及服务
,医疗健康,2013.2,,,,,iCareNewlife快乐妈咪胎语仪,(A轮),医疗器械及硬件
,文化娱乐,2009.5,,,,,上海优同科技,(获投状态：不明确),视频
,游戏,2010.9,,,,,锐德无限Red Infinity,(已被收购),游戏开发商
,本地生活,2013.4,,,,,兔咔,(获投状态：不明确),本地综合生活
,企业服务,2012.6,,,,,果凡科技,(获投状态：不明确),行业信息化及解决方案
,旅游,2011.5,,,,,象素旅行																			/ 睡睡酒店攻略,(天使轮),交通食宿
,社交网络,2013.5,,,,,呼噜,(获投状态：不明确),其他社交
,企业服务,2013.1,,,,,云站中国,(获投状态：不明确),行业信息化及解决方案
,电子商务,2010.6,,,,,天天果园,(D+轮),生鲜食品
,企业服务,2010.12,,,,,艾动科技imgenius,(获投状态：不明确),其他企业服务
,电子商务,2010.6,,,,,上海嵊灿科技,(获投状态：不明确),电商解决方案
,工具软件,2012.9,,,,,威数软件																			/ 威数MA,(天使轮),其他工具
,企业服务,2010.9,,,,,华文云计算,(获投状态：不明确),其他企业服务
,电子商务,2011.5,,,,,工购网,(获投状态：不明确),大宗商品
,硬件,2013.4,,,,,华易·企鹅手机,(获投状态：不明确),消费电子
,工具软件,2013.5,,,,,Flipink,(获投状态：不明确),综合工具服务
,企业服务,2010.11,,,,,31会议																			/ 31会议网,(A+轮),销售营销
,房产服务,2012.10,,,,,佳乾信息																			/ 装企小秘书,(天使轮),装修装潢
,房产服务,2010.10,,,,,留学生公寓网																			/ 学旅家,(C轮),租房
,房产服务,2011.5,,,,,美家付,(天使轮),房产信息化
,文化娱乐,2013.5,,,,,Tanker弹客																			/ 红甘果,(尚未获投),音乐
,企业服务,2012.11,,,,,武汉互讯科技,(获投状态：不明确),IT基础设施
,电子商务,2013.5,,,,,iCoupon,(获投状态：不明确),其他电商服务
,医疗健康,2013.5,,,,,更美APP,(D轮),专科服务
,企业服务,2012.8,,,,,猎上网HunterOn,(C轮),人力资源
,文化娱乐,2013.4,,,,,她生活,(A轮),媒体及阅读
,旅游,2013.1,,,,,中国好导游,(获投状态：不明确),其他旅游服务
,医疗健康,2008.8,,,,,药名通,(获投状态：不明确),医药电商
,医疗健康,2012.5,,,,,医师同道,(获投状态：不明确),医生服务
,医疗健康,2010.3,,,,,芯联达科技,(已上市),医疗信息化
,房产服务,2012.6,,,,,乐租365,(天使轮),租房
,工具软件,2012.5,,,,,悦然心动,(已被收购),综合工具服务
,金融,2011.10,,,,,积木,(天使轮),投融资
,金融,2012.2,,,,,海豚记账,(天使轮),理财
,金融,2013.5,,,,,Digcoin,(天使轮),虚拟货币
,文化娱乐,2012.3,,,,,旧照片网,(获投状态：不明确),视频
,工具软件,2012.10,,,,,番茄土豆																			/ 贝朋科技,(天使轮),事项及效率
,教育,2010.12,,,,,比邻教育,(获投状态：不明确),K12
,社交网络,2011.11,,,,,回家网,(获投状态：不明确),家庭熟人社交
,文化娱乐,2012.8,,,,,沙漏网,(天使轮),视频
,医疗健康,2009.10,,,,,咕咚网																			/ 成都乐动,(C+轮),健康保健
,工具软件,2010.12,,,,,Avid.ly欧拉网络,(C轮),综合工具服务
,社交网络,2013.5,,,,,站台,(尚未获投),陌生人交友
,企业服务,2012.10,,,,,上海沙时网络,(天使轮),B2D开发者服务
,文化娱乐,2013.5,,,,,圈友																			/ 百吉堂多媒体,(获投状态：不明确),视频
,企业服务,2012.10,,,,,cmcc.in																			/ 沙时网络,(天使轮),行业信息化及解决方案
,旅游,2012.4,,,,,TinkLabs																			/ Handy,(C轮),跨境游
,文化娱乐,2008.12,,,,,智融网,(尚未获投),IP知识产权
,文化娱乐,2012.11,,,,,享读ShareReader																			/ 碉堡资讯,(天使轮),媒体及阅读
,社交网络,2013.3,,,,,脸脸																			/ 脸脸会网络,(A轮),陌生人交友
,工具软件,2008.9,,,,,录音公证,(获投状态：不明确),事项及效率
,企业服务,2012.11,,,,,安存语录95105856																			/ 安存网络,(A+轮),企业安全
,社交网络,2010.10,,,,,兜兜友,(获投状态：不明确),婚恋交友
,医疗健康,2012.6,,,,,每日瑜伽,(A轮),健康保健
,企业服务,2008.9,,,,,杭州安存网络,(A+轮),企业安全
,工具软件,2012.1,,,,,福来航班																			/ 福来机场,(获投状态：不明确),实用生活服务
,文化娱乐,2012.8,,,,,秀色,(获投状态：不明确),综合文娱
,房产服务,2013.2,,,,,去呼呼																			/ 趣睡吧,(获投状态：不明确),商业房产
,文化娱乐,2009.9,,,,,书仓网,(获投状态：不明确),媒体及阅读
,社交网络,2012.11,,,,,微辣WeLove,(获投状态：不明确),婚恋交友
,电子商务,2011.10,,,,,海翼电商,(A轮),跨境电商
,社交网络,2012.9,,,,,拓商客RDM,(天使轮),商务社交
,电子商务,2011.10,,,,,Anker																			/ 海翼电商,(获投状态：不明确),跨境电商
,金融,2010.9,,,,,wPay微派支付,(A轮),支付
,文化娱乐,2011.10,,,,,深圳松西科技,(获投状态：不明确),视频
,文化娱乐,2009.5,,,,,ePubsys意博思,(获投状态：不明确),视频
,金融,2006.3,,,,,众禄基金网																			/ 众禄金融,(新三板),理财
,汽车交通,2010.7,,,,,深圳麦谷科技MapGoo,(Pre-A轮),车联网及硬件
,社交网络,2011.9,,,,,iU商务关怀																			/ 人脉军刀,(天使轮),商务社交
,本地生活,2013.5,,,,,云中菜单,(获投状态：不明确),美食餐饮
,本地生活,2012.5,,,,,蛋定,(A轮),美食餐饮
,汽车交通,2012.9,,,,,打车雷达																			/ 杭州所罗门信息,(获投状态：不明确),交通出行
,企业服务,2013.2,,,,,微米时代,(获投状态：不明确),销售营销
,社交网络,2012.11,,,,,组局																			/ 酷聚科技,(获投状态：不明确),其他社交
,汽车交通,2011.6,,,,,租租车,(C轮),交通出行
,本地生活,2012.12,,,,,Q点外卖,(获投状态：不明确),美食餐饮
,教育,2012.1,,,,,决胜网,(已上市),教育信息化
,电子商务,2012.10,,,,,途迹街,(获投状态：不明确),综合电商
,旅游,2009.3,,,,,航班管家,(新三板),交通食宿
,文化娱乐,2013.1,,,,,电影摇摇,(获投状态：不明确),影视
,旅游,2012.1,,,,,快捷酒店管家,(B轮),景点门票
,游戏,2012.8,,,,,上海冰格网络,(天使轮),游戏开发商
,广告营销,2011.1,,,,,ADUU优友,(获投状态：不明确),移动及网络广告
,企业服务,2008.7,,,,,天脉聚源TVM,(D轮),数据服务
,房产服务,2010.10,,,,,快地产,(已被收购),房产电商
,教育,2011.1,,,,,厦门神州鹰																			/ 掌通家园,(C+轮),教育信息化
,本地生活,2012.10,,,,,遥控餐厅																			/ 我遥我控科技,(已被收购),美食餐饮
,企业服务,2011.1,,,,,365翻译																			/ 一朵云,(已被收购),其他企业服务
,体育运动,2011.4,,,,,91运动联盟,(获投状态：不明确),体育设施及场馆
,医疗健康,2012.8,,,,,活腻否,(获投状态：不明确),健康保健
,文化娱乐,2013.5,,,,,秀客网,(尚未获投),视频
,房产服务,2013.6,,,,,安途短租																			/ 安途网,(A轮),租房
,文化娱乐,2012.6,,,,,秀客网Xiuke.TV																			/ 秀客娱乐科技,(A轮),视频
,游戏,2012.3,,,,,深圳骨鱼科技,(获投状态：不明确),游戏开发商
,电子商务,2011.10,,,,,视易购,(获投状态：不明确),电商解决方案
,教育,2013.5,,,,,蔚秀报告厅,(获投状态：不明确),高等教育
,汽车交通,2013.1,,,,,5i车网,(获投状态：不明确),汽车后服务
,企业服务,2012.8,,,,,知微,(天使轮),数据服务
,本地生活,2013.3,,,,,爱刷,(A轮),本地综合生活
,文化娱乐,2009.9,,,,,有趣网,(获投状态：不明确),视频
,游戏,2013.1,,,,,成都阿鲁巴科技,(获投状态：不明确),游戏开发商
,金融,2013.6,,,,,爱卡贷,(尚未获投),借贷
,本地生活,2012.5,,,,,搜挖,(获投状态：不明确),本地综合生活
,本地生活,2013.1,,,,,饭本,(B轮),美食餐饮
,文化娱乐,2011.9,,,,,巨有趣,(尚未获投),视频
,游戏,2010.10,,,,,杭州冰蓝网络,(获投状态：不明确),游戏开发商
,电子商务,2013.1,,,,,品三晋,(获投状态：不明确),生鲜食品
,文化娱乐,2012.10,,,,,山西说,(获投状态：不明确),媒体及阅读
,教育,2012.9,,,,,掌上课表,(种子轮),高等教育
,游戏,2010.1,,,,,杭州无端科技,(A轮),游戏开发商
,文化娱乐,2012.7,,,,,新晋界,(获投状态：不明确),媒体及阅读
,工具软件,2007.7,,,,,咪客,(获投状态：不明确),图像视频
,企业服务,2008.11,,,,,Intple云计算																			/ 引跑,(获投状态：不明确),IT基础设施
,电子商务,2010.3,,,,,快拍物联																			/ 灵动快拍,(新三板),其他电商服务
,电子商务,2012.4,,,,,掌中管店																			/ 爱用科技,(获投状态：不明确),电商解决方案
,企业服务,2012.1,,,,,Everstring万维思源,(B轮),综合企业服务
,企业服务,2013.2,,,,,百客CMS,(获投状态：不明确),销售营销
,本地生活,2011.7,,,,,筷乐777,(获投状态：不明确),美食餐饮
,电子商务,2012.6,,,,,名不虚传,(新三板),电商解决方案
,本地生活,2012.9,,,,,豆邻,(天使轮),休闲娱乐
,企业服务,2011.7,,,,,南京争渡科技,(获投状态：不明确),行业信息化及解决方案
,文化娱乐,2011.4,,,,,东屹讯多媒体,(获投状态：不明确),视频
,文化娱乐,2012.10,,,,,片刻网																			/ 叮当时光,(A轮),媒体及阅读
,工具软件,2012.3,,,,,推下载																			/ 中时代科技,(已被收购),应用商店
,硬件,2013.5,,,,,青柠睿创Lemphi,(获投状态：不明确),智能家居
,游戏,2012.2,,,,,玩机岛																			/ 中时代,(已被收购),游戏发行及渠道
,企业服务,2013.4,,,,,内推网,(Pre-A轮),人力资源
,社交网络,2012.11,,,,,群群社交,(获投状态：不明确),综合社交
,工具软件,2011.6,,,,,果7网,(获投状态：不明确),应用商店
,电子商务,2012.9,,,,,卡卡鲜,(尚未获投),生鲜食品
,文化娱乐,2006.2,,,,,KKBOX,(已被收购),音乐
,汽车交通,2012.6,,,,,180迈购车网,(尚未获投),汽车后服务
,物流,2012.12,,,,,宝妹货运																			/ 百夫长科技,(Pre-A轮),其他物流
,硬件,2012.7,,,,,Sciener科技侠,(天使轮),智能家居
,硬件,2012.8,,,,,快播大屏幕,(A轮),消费电子
,金融,2013.1,,,,,速溶360																			/ 科巴度数据,(A轮),借贷
,工具软件,2011.10,,,,,咔嚓云																			/ 音乐维他命,(获投状态：不明确),实用生活服务
,游戏,2012.11,,,,,游戏多cwan,(新三板),游戏媒体及社区
,汽车交通,2012.3,,,,,爱车无忧,(获投状态：不明确),汽车后服务
,文化娱乐,2013.4,,,,,云帆搜索																			/ 快播,(A轮),视频
,教育,2008.6,,,,,飞盒教育,(A轮),职业培训
,企业服务,2013.3,,,,,壹法务,(获投状态：不明确),法律服务
,电子商务,2013.3,,,,,小交易,(天使轮),综合电商
,广告营销,2012.2,,,,,舆情早报网,(天使轮),其他广告
,广告营销,2013.1,,,,,网尚微营销																			/ 网尚科技,(获投状态：不明确),整合营销传播
,电子商务,2009.6,,,,,纪念日网,(尚未获投),其他电商服务
,企业服务,2013.5,,,,,IT桔子,(B轮),数据服务
,本地生活,2013.1,,,,,嫁到啦,(尚未获投),婚礼婚庆
,旅游,2012.11,,,,,爱周游,(A轮),国内游
,电子商务,2013.2,,,,,微店,(天使轮),电商解决方案
,旅游,2009.5,,,,,海客科技,(获投状态：不明确),旅游信息化
,文化娱乐,2010.1,,,,,ARTWE艺维,(获投状态：不明确),艺术
,旅游,2009.9,,,,,玩伴																			/ 海客科技,(A轮),旅游工具及社区
,电子商务,2012.12,,,,,Favbuy优价网络,(A轮),奢侈品
,企业服务,2010.6,,,,,酷盘Kanbox,(已被收购),IT基础设施
,企业服务,2011.8,,,,,七牛云,(E轮),IT基础设施
,文化娱乐,2013.3,,,,,Artarrival艺术来了,(获投状态：不明确),艺术
,教育,2013.6,,,,,61bus																			/ 61巴士网,(天使轮),儿童早教
,社交网络,2013.5,,,,,作品集,(获投状态：不明确),兴趣社区
,教育,2013.3,,,,,课程派,(A轮),职业培训
,企业服务,2011.12,,,,,云巅Owtware,(B轮),IT基础设施
,电子商务,2012.4,,,,,iLike潮流志,(天使轮),综合电商
,教育,2013.1,,,,,上海橙趣																			/ 61时光网,(A轮),儿童早教
,电子商务,2013.5,,,,,JiaSale,(获投状态：不明确),电商解决方案
,电子商务,2011.2,,,,,家酷网,(A轮),其他电商服务
,金融,2013.3,,,,,点火网,(获投状态：不明确),投融资
,游戏,2013.5,,,,,ZenGame禅意网络,(获投状态：不明确),游戏开发商
,工具软件,2013.2,,,,,灵声科技,(获投状态：不明确),实用生活服务
,硬件,2012.12,,,,,Blink禀临科技,(获投状态：不明确),消费电子
,电子商务,2012.8,,,,,12598网上订货平台,(获投状态：不明确),电商解决方案
,企业服务,2011.8,,,,,部落邦																			/ 部落窝,(获投状态：不明确),其他企业服务
,电子商务,2013.2,,,,,KnewOne牛玩																			/ 知新创想,(B轮),3C电子
,工具软件,2013.2,,,,,kDaLabs																			/ 万象壁纸,(获投状态：不明确),综合工具服务
,电子商务,2012.9,,,,,奢集网,(A轮),奢侈品
,金融,2013.1,,,,,爱投资																			/ 安投融,(战略投资),借贷
,教育,2004.5,,,,,口语易																			/ 朗通通信,(A轮),语言学习
,企业服务,2013.5,,,,,邦分析,(获投状态：不明确),其他企业服务
,社交网络,2013.4,,,,,Family																			/ FamilyCube智能相框,(获投状态：不明确),家庭熟人社交
,房产服务,2013.4,,,,,爱租网,(获投状态：不明确),租房
,游戏,2009.5,,,,,飞流九天,(已被收购),游戏发行及渠道
,硬件,2013.7,,,,,Broadlink																			/ 古北电子,(D轮),智能家居
,广告营销,2011.1,,,,,帆悦,(已被收购),移动及网络广告
,电子商务,2013.4,,,,,一起淘,(获投状态：不明确),综合电商
,游戏,2010.8,,,,,武汉创游网络																			/ 梦西游,(A轮),游戏开发商
,硬件,2012.12,,,,,Noitom诺亦腾,(C轮),消费电子
,医疗健康,2012.6,,,,,我要看牙网																			/ 牙邦科技,(A轮),专科服务
,房产服务,2011.9,,,,,天下楼盘,(获投状态：不明确),房产电商
,电子商务,2013.4,,,,,特产优联,(获投状态：不明确),生鲜食品
,本地生活,2012.7,,,,,小区管家																			/ 齐家科技,(B轮),小区服务
,企业服务,2009.6,,,,,禾讯,(天使轮),IT基础设施
,医疗健康,2013.4,,,,,e陪护																			/ 万泉河科技,(新三板),健康保健
,文化娱乐,2011.10,,,,,优微																			/ 海博智讯,(A轮),媒体及阅读
,企业服务,2013.1,,,,,德他数据,(获投状态：不明确),数据服务
,教育,2011.4,,,,,百睿鱼																			/ 袋鼠妈妈,(天使轮),儿童早教
,游戏,2011.8,,,,,创娱网络,(天使轮),游戏开发商
,社交网络,2011.8,,,,,深圳易民科技,(获投状态：不明确),陌生人交友
,社交网络,2012.4,,,,,MyShine友邻,(天使轮),婚恋交友
,工具软件,2012.10,,,,,百草会,(获投状态：不明确),实用生活服务
,工具软件,2012.8,,,,,极邮,(A轮),事项及效率
,企业服务,2010.11,,,,,SmartLBS位智天下科技,(获投状态：不明确),其他企业服务
,金融,2013.3,,,,,赢在投资																			/ 臣乾金融,(获投状态：不明确),股票
,本地生活,2010.1,,,,,波波网,(B轮),美业服务
,社交网络,2012.7,,,,,嗨校网,(天使轮),校园社交
City,FirstField,FoundTime,InvestCompany,Money,MoneyRound,MoneyTime,Name,Round,SecondField
,社交网络,2012.4,,,,,MyShine友邻,(天使轮),婚恋交友
,社交网络,2012.4,,,,,上海炫客网络,(获投状态：不明确),综合社交
,医疗健康,2012.10,,,,,女性私人医生,(获投状态：不明确),寻医诊疗
,本地生活,2013.4,,,,,一卡券																			/ 微云软件,(获投状态：不明确),本地综合生活
,本地生活,2010.12,,,,,爱折客																			/ 上海掌誉网络,(天使轮),本地综合生活
,电子商务,2013.1,,,,,盖帽网,(获投状态：不明确),大宗商品
,金融,2013.6,,,,,放心保,(获投状态：不明确),保险
,金融,2013.5,,,,,掌金网,(获投状态：不明确),外汇期货贵金属
,本地生活,2011.12,,,,,爱美味																			/ 上海掌誉网络,(A轮),美食餐饮
,房产服务,2012.2,,,,,优客逸家,(战略投资),租房
,文化娱乐,2012.3,,,,,O2录音棚																			/ 乐聆网,(A轮),音乐
,汽车交通,2013.4,,,,,车云通,(获投状态：不明确),车联网及硬件
,工具软件,2012.1,,,,,快牙																			/ 邻动网络DewMobile,(B轮),文件文档
,广告营销,2007.7,,,,,道有道,(新三板),移动及网络广告
,汽车交通,2012.11,,,,,大搜车,(F轮-上市前),汽车电商
,本地生活,2013.6,,,,,九点整,(获投状态：不明确),休闲娱乐
,广告营销,2012.8,,,,,拿趣网																			/ 米趣网络,(B轮),移动及网络广告
,教育,2013.1,,,,,玩课网,(天使轮),职业培训
,企业服务,2013.6,,,,,微巴信息技术,(已被收购),销售营销
,社交网络,2011.10,,,,,HoHool呼呼语音微博,(获投状态：不明确),综合社交
,电子商务,2011.8,,,,,购酒网,(已被收购),生鲜食品
,游戏,2013.6,,,,,想要轻游戏社区,(获投状态：不明确),游戏开发商
,游戏,2010.10,,,,,成都梦想兄弟网络,(获投状态：不明确),游戏开发商
,教育,2012.3,,,,,粉笔网																			/ 粉笔蓝天科技,(B轮),职业培训
,金融,2010.2,,,,,PP钱包,(A轮),支付
,社交网络,2013.5,,,,,见见																			/ 百合网,(获投状态：不明确),婚恋交友
,教育,2012.3,,,,,猿题库																			/ 猿辅导,(E轮),K12
,工具软件,2006.6,,,,,NETPAS网络加速器,(获投状态：不明确),事项及效率
,旅游,2009.10,,,,,新鲜生活旅行																			/ 成都氢行动力,(尚未获投),旅游综合服务
,本地生活,2011.5,,,,,壹点壹客,(获投状态：不明确),美食餐饮
,旅游,2013.7,,,,,步旅网,(获投状态：不明确),国内游
,文化娱乐,2011.1,,,,,知乎,(E轮),媒体及阅读
,文化娱乐,2013.4,,,,,简书,(B轮),媒体及阅读
,本地生活,2012.9,,,,,圈圈桌游,(获投状态：不明确),休闲娱乐
,电子商务,2009.2,,,,,杭州易淘科技,(获投状态：不明确),电商解决方案
,医疗健康,2011.10,,,,,怡时刻,(获投状态：不明确),健康保健
,教育,2012.1,,,,,高学网,(A轮),高等教育
,社交网络,2013.5,,,,,同同viviTalk,(获投状态：不明确),同性社交
,工具软件,2013.6,,,,,起居注,(获投状态：不明确),事项及效率
,电子商务,2013.4,,,,,美可网,(获投状态：不明确),奢侈品
,汽车交通,2011.11,,,,,摇摇招车,(A轮),交通出行
,本地生活,2013.6,,,,,有饭局,(获投状态：不明确),美食餐饮
,文化娱乐,2012.12,,,,,爆谷电影,(获投状态：不明确),影视
,电子商务,2012.1,,,,,知阅网,(获投状态：不明确),综合电商
,本地生活,2012.12,,,,,一起唱																			/ 洛哈网络,(C轮),休闲娱乐
,广告营销,2012.8,,,,,摇摇免费																			/ 赛赛身边,(A轮),移动及网络广告
,医疗健康,2011.6,,,,,上海爱壹得信息科技,(A轮),医疗信息化
,房产服务,2011.1,,,,,程途网,(获投状态：不明确),租房
,企业服务,2005.1,,,,,东方微点,(获投状态：不明确),企业安全
,金融,2012.11,,,,,海色网,(尚未获投),投融资
,教育,2009.1,,,,,掌中英语																			/ 词管家,(获投状态：不明确),语言学习
,电子商务,2011.3,,,,,果酷网																			/ 果酷,(战略投资),生鲜食品
,教育,2010.11,,,,,芥末留学网,(天使轮),出国留学
,电子商务,2011.1,,,,,约惠网,(尚未获投),电商解决方案
,汽车交通,2005.9,,,,,明道通途科技,(获投状态：不明确),车联网及硬件
,企业服务,2012.3,,,,,cuzySDK因动思网络,(获投状态：不明确),B2D开发者服务
,电子商务,2012.1,,,,,点三电子商务ERP,(获投状态：不明确),电商解决方案
,工具软件,2013.6,,,,,Cango甘果,(获投状态：不明确),其他工具
,教育,2013.4,,,,,皆学问,(获投状态：不明确),兴趣教育
,医疗健康,2013.5,,,,,中医乐活,(获投状态：不明确),其他医疗服务
,医疗健康,2013.1,,,,,中医宝库,(获投状态：不明确),健康保健
,医疗健康,2013.1,,,,,中医知道,(尚未获投),寻医诊疗
,医疗健康,2013.1,,,,,养生钟,(获投状态：不明确),健康保健
,本地生活,2013.6,,,,,泰笛科技																			/ 泰笛洗衣,(C轮),家政服务
,社交网络,2013.6,,,,,有空,(尚未获投),陌生人交友
,企业服务,2010.4,,,,,妙招网,(天使轮),人力资源
,电子商务,2013.2,,,,,Dr.Wine酒博士																			/ 上海麦督学信息,(A轮),生鲜食品
,教育,2012.9,,,,,爱考拉																			/ 知学友邦,(A轮),K12
,旅游,2012.3,,,,,行者,(A+轮),旅游工具及社区
,企业服务,2012.1,,,,,3D云服务,(获投状态：不明确),行业信息化及解决方案
,电子商务,2010.3,,,,,风泽信科技,(获投状态：不明确),电商解决方案
,电子商务,2010.3,,,,,瑞信网,(尚未获投),大宗商品
,本地生活,2013.1,,,,,有位网,(获投状态：不明确),本地综合生活
,汽车交通,2012.2,,,,,明道通TelemSoft,(获投状态：不明确),车联网及硬件
,教育,2013.2,,,,,喜知网,(获投状态：不明确),兴趣教育
,电子商务,2012.10,,,,,GGE																			/ 华尔兹科技,(天使轮),珠宝首饰
,本地生活,2006.1,,,,,二泉网,(A轮),本地综合生活
,工具软件,2011.12,,,,,北京网格时代WiGo,(天使轮),其他工具
,旅游,2008.11,,,,,游侠客旅游网,(A轮),旅游综合服务
,电子商务,2008.3,,,,,IDSOO,(获投状态：不明确),其他电商服务
,硬件,2012.6,,,,,大麦科技																			/ 麦步,(获投状态：不明确),消费电子
,金融,2011.12,,,,,优顾理财																			/ 金汇盛世,(获投状态：不明确),理财
,企业服务,2013.6,,,,,TickTick																			/ 杭州随笔记网络,(获投状态：不明确),办公OA
,企业服务,2013.2,,,,,We团队																			/ 行客诺,(A轮),办公OA
,工具软件,2010.7,,,,,轻笔记																			/ 行客诺,(A轮),事项及效率
,硬件,2013.1,,,,,Microduino																			/ 美科科技,(Pre-A轮),传感器及中间件
,广告营销,2012.7,,,,,上海帝森网络Tiusen,(获投状态：不明确),整合营销传播
,文化娱乐,2012.5,,,,,图猫网,(天使轮),视频
,电子商务,2013.3,,,,,微购易,(A轮),电商解决方案
,企业服务,2013.6,,,,,微站360																			/ 宇鑫互联,(获投状态：不明确),销售营销
,汽车交通,2013.1,,,,,乐行宝,(获投状态：不明确),车联网及硬件
,金融,2012.9,,,,,好险啊,(尚未获投),保险
,硬件,2012.6,,,,,MaxMax美讯美通,(A轮),消费电子
,文化娱乐,2012.1,,,,,真现网,(获投状态：不明确),音乐
,汽车交通,2012.9,,,,,叫车宝,(获投状态：不明确),交通出行
,电子商务,2011.4,,,,,爱回收,(战略投资),3C电子
,电子商务,2011.9,,,,,回购网,(尚未获投),3C电子
,社交网络,2011.4,,,,,四季凯芯科技																			/ 问我,(已被收购),综合社交
,教育,2015.7,,,,,赶考状元网,(获投状态：不明确),高等教育
,企业服务,2009.6,,,,,苏州鼎晟网络,(获投状态：不明确),IT基础设施
,企业服务,2011.10,,,,,聚合数据,(C轮),数据服务
,企业服务,2010.2,,,,,新科兰德,(C轮),数据服务
,游戏,2009.3,,,,,运智互动																			/ 运动加加,(A轮),游戏开发商
,电子商务,2011.1,,,,,遛遛屯商城,(获投状态：不明确),综合电商
,电子商务,2011.6,,,,,搜鞋客,(获投状态：不明确),服装服饰
,汽车交通,2011.7,,,,,百宝车网,(获投状态：不明确),汽车综合服务
,电子商务,2012.10,,,,,阿伦网Alanstore,(获投状态：不明确),跨境电商
,电子商务,2010.5,,,,,荣盈商城,(获投状态：不明确),综合电商
,教育,2011.5,,,,,时代焦点教育,(A轮),出国留学
,游戏,2013.6,,,,,Big Bang Games比格邦,(天使轮),游戏开发商
,文化娱乐,2010.1,,,,,票虫网,(天使轮),音乐
,文化娱乐,2004.8,,,,,中票在线,(获投状态：不明确),音乐
,企业服务,2012.12,,,,,V5智能客服																			/ V5KF,(天使轮),客户服务
,文化娱乐,2012.10,,,,,尾票网																			/ 中票在线,(获投状态：不明确),音乐
,硬件,2011.6,,,,,苏州凯行电子科技,(获投状态：不明确),消费电子
,教育,2013.6,,,,,唧唧堂,(获投状态：不明确),高等教育
,企业服务,2011.10,,,,,乔布堂,(A轮),人力资源
,企业服务,2010.9,,,,,上海诸君科技,(获投状态：不明确),办公OA
,金融,2010.5,,,,,人人贷,(A轮),借贷
,金融,2011.5,,,,,友众信业																			/ 友信,(获投状态：不明确),借贷
,文化娱乐,2000.1,,,,,大麦网																			/ 中国票务在线,(已被收购),演艺
,广告营销,2011.9,,,,,比酷科技,(A轮),整合营销传播
,教育,2013.6,,,,,i知子,(获投状态：不明确),儿童早教
,本地生活,2013.6,,,,,好好吃																			/ 卡农科技,(获投状态：不明确),美食餐饮
,广告营销,2013.6,,,,,阅音,(获投状态：不明确),整合营销传播
,金融,2009.9,,,,,信卡街,(获投状态：不明确),信用及征信
,汽车交通,2011.11,,,,,起信易成,(获投状态：不明确),二手车
,社交网络,2012.7,,,,,等待网,(获投状态：不明确),兴趣社区
,游戏,2013.6,,,,,不凡游戏网																			/ 07073,(A轮),游戏媒体及社区
,工具软件,2013.5,,,,,Monny,(获投状态：不明确),其他工具
,企业服务,2012.8,,,,,FemasHR,(获投状态：不明确),人力资源
,旅游,2012.1,,,,,华软创新																			/ 伴我游,(获投状态：不明确),旅游信息化
,金融,2011.8,,,,,财人汇,(新三板),股票
,社交网络,2011.11,,,,,蜜风Meefon																			/ 蜜邮,(获投状态：不明确),陌生人交友
,工具软件,2013.4,,,,,奇多轻邮,(获投状态：不明确),事项及效率
,汽车交通,2013.6,,,,,Sunbox阳光宝盒																			/ 阳光道客,(获投状态：不明确),车联网及硬件
,社交网络,2014.4,,,,,猜猜CaiCaiApp,(获投状态：不明确),综合社交
,教育,2012.4,,,,,微童星,(获投状态：不明确),儿童早教
,本地生活,2012.8,,,,,婚博商城,(获投状态：不明确),婚礼婚庆
,物流,2013.6,,,,,中国船期网,(获投状态：不明确),其他物流
,企业服务,2013.6,,,,,简信,(获投状态：不明确),办公OA
,文化娱乐,2013.5,,,,,星梦,(天使轮),综合文娱
,社交网络,2011.11,,,,,师兄帮帮忙,(A轮),校园社交
,企业服务,2013.2,,,,,Yeapoo一铺科技,(A轮),销售营销
,游戏,2013.6,,,,,我爱琪琪I Love CHiCHI,(获投状态：不明确),游戏开发商
,电子商务,2013.1,,,,,一米西,(获投状态：不明确),综合电商
,电子商务,2010.4,,,,,AIKEN爱肯牛仔,(A轮),服装服饰
,电子商务,2014.4,,,,,贝备网																			/ 易贝特,(A轮),母婴玩具
,硬件,2011.4,,,,,深圳瑞森思科技,(已被收购),消费电子
,本地生活,2013.4,,,,,阿姨来了																			/ 嘉乐会,(B轮),家政服务
,工具软件,2009.1,,,,,广州铁人网络																			/ PP助手,(已被收购),综合工具服务
,工具软件,2009.1,,,,,PP助手,(已被收购),应用商店
,游戏,2013.1,,,,,魔格科技,(A轮),游戏开发商
City,FirstField,FoundTime,InvestCompany,Money,MoneyRound,MoneyTime,Name,Round,SecondField
,社交网络,2012.4,,,,,MyShine友邻,(天使轮),婚恋交友
,社交网络,2012.4,,,,,上海炫客网络,(获投状态：不明确),综合社交
,本地生活,2010.12,,,,,爱折客																			/ 上海掌誉网络,(天使轮),本地综合生活
,本地生活,2011.12,,,,,爱美味																			/ 上海掌誉网络,(A轮),美食餐饮
,金融,2013.5,,,,,掌金网,(获投状态：不明确),外汇期货贵金属
,电子商务,2013.1,,,,,盖帽网,(获投状态：不明确),大宗商品
,汽车交通,2013.4,,,,,车云通,(获投状态：不明确),车联网及硬件
,金融,2013.6,,,,,放心保,(获投状态：不明确),保险
,工具软件,2012.1,,,,,快牙																			/ 邻动网络DewMobile,(B轮),文件文档
,文化娱乐,2012.3,,,,,O2录音棚																			/ 乐聆网,(A轮),音乐
,房产服务,2012.2,,,,,优客逸家,(战略投资),租房
,本地生活,2013.6,,,,,九点整,(获投状态：不明确),休闲娱乐
,汽车交通,2012.11,,,,,大搜车,(F轮-上市前),汽车电商
,游戏,2011.10,,,,,标派科技																			/ 标派和乐BpHero,(获投状态：不明确),游戏开发商
,企业服务,2012.11,,,,,蜂巢访销,(获投状态：不明确),销售营销
,文化娱乐,2012.10,,,,,Maxound远声科技																			/ BGMOS,(获投状态：不明确),音乐
,广告营销,2007.7,,,,,道有道,(新三板),移动及网络广告
,电子商务,2010.12,,,,,淘当网,(获投状态：不明确),奢侈品
,企业服务,2012.7,,,,,助赢业务本,(获投状态：不明确),其他企业服务
,游戏,2010.11,,,,,汉亿科技,(获投状态：不明确),游戏开发商
,文化娱乐,2011.7,,,,,抠电影,(C轮),影视
,游戏,2010.1,,,,,广州狼旗网络,(尚未获投),游戏综合服务
,体育运动,2012.3,,,,,乐挥网																			/ Teekart,(B轮),其他体育服务
,文化娱乐,2013.1,,,,,艺达利																			/ 橙舍画艺,(天使轮),艺术
,硬件,2013.1,,,,,麦格电视,(获投状态：不明确),消费电子
,游戏,2011.6,,,,,核桃互动																			/ 枪火战线,(A轮),游戏开发商
,企业服务,2011.11,,,,,杭州热知科技,(天使轮),行业信息化及解决方案
,电子商务,2010.3,,,,,聚美优品,(已上市),化妆品
,文化娱乐,2010.5,,,,,云加速,(获投状态：不明确),视频
,文化娱乐,2012.11,,,,,yesArt雅尚艺术,(A轮),艺术
,文化娱乐,2010.1,,,,,红蜓公社,(天使轮),艺术
,企业服务,2013.5,,,,,iTeam,(获投状态：不明确),办公OA
,工具软件,2013.6,,,,,云管家,(获投状态：不明确),其他工具
,游戏,2009.10,,,,,11对战平台																			/ 起于凡信息,(A轮),游戏开发商
,企业服务,2011.4,,,,,上海手掌心,(获投状态：不明确),办公OA
,文化娱乐,2010.12,,,,,爱看网iSee																			/ 远图科技,(已被收购),视频
,工具软件,2012.5,,,,,达派手机助手,(天使轮),应用商店
,医疗健康,2010.1,,,,,盟联科技MiLink,(获投状态：不明确),医疗器械及硬件
,企业服务,2013.6,,,,,Cloud7云起,(A轮),B2D开发者服务
,社交网络,2012.7,,,,,那天交友,(获投状态：不明确),校园社交
,汽车交通,2013.6,,,,,365车位,(获投状态：不明确),交通出行
,企业服务,2011.8,,,,,位置达人																			/ 手掌心,(获投状态：不明确),其他企业服务
,电子商务,2012.8,,,,,粉喜欢																			/ 九驹网络,(获投状态：不明确),电商解决方案
,广告营销,2013.5,,,,,鹰眼移动广告,(天使轮),移动及网络广告
,教育,2013.3,,,,,单词之美,(获投状态：不明确),语言学习
,广告营销,2011.5,,,,,花动传媒																			/ 花钱,(天使轮),移动及网络广告
,硬件,2013.10,,,,,Slamtec思岚科技,(C轮),机器人
,工具软件,2003.9,,,,,铠甲网络,(新三板),事项及效率
,社交网络,2013.6,,,,,BABYFAMILY宝宝家庭,(获投状态：不明确),兴趣社区
,医疗健康,2012.12,,,,,lovefit乐动																			/ 盟联科技,(获投状态：不明确),医疗器械及硬件
,游戏,2006.6,,,,,上海起凡游戏,(B轮),游戏综合服务
,文化娱乐,2013.6,,,,,iPresst,(获投状态：不明确),媒体及阅读
,工具软件,2011.8,,,,,冒泡网,(获投状态：不明确),事项及效率
,本地生活,2013.1,,,,,闻闻窝																			/ 若可麦迪,(A轮),宠物服务
,体育运动,2013.6,,,,,体育姐说,(A轮),赛事运营及经纪
,本地生活,2011.5,,,,,嗨一起,(尚未获投),其他生活服务
,广告营销,2010.1,,,,,奥狮数位EOSI,(新三板),整合营销传播
,电子商务,2010.1,,,,,路途乐,(天使轮),综合电商
,电子商务,2012.2,,,,,三只松鼠,(D轮),生鲜食品
,教育,2013.6,,,,,我赢职场,(B轮),职业培训
,社交网络,2013.1,,,,,缘创派,(A轮),商务社交
,旅游,2012.1,,,,,两步路,(A轮),主题特色游
,文化娱乐,2012.6,,,,,小影VivaVideo																			/ 杭州趣维科技,(B轮),视频
,汽车交通,2011.4,,,,,汽车管家																			/ 车记,(天使轮),车主工具及服务
,电子商务,2013.3,,,,,丽博网,(获投状态：不明确),服装服饰
,社交网络,2012.12,,,,,回家看看,(获投状态：不明确),家庭熟人社交
,社交网络,2013.8,,,,,给Ta礼物																			/ 侠客科技,(获投状态：不明确),家庭熟人社交
,教育,2006.8,,,,,乐知英语,(尚未获投),语言学习
,社交网络,2013.6,,,,,么么哒Gogodate																			/ 杭州赛众,(获投状态：不明确),婚恋交友
,工具软件,2013.6,,,,,微客服,(获投状态：不明确),其他工具
,本地生活,2012.4,,,,,食遇																			/ 时创互动,(天使轮),美食餐饮
,硬件,2012.7,,,,,多爱家,(获投状态：不明确),消费电子
,工具软件,2007.4,,,,,时代经纬																			/ 派特风,(A轮),位置定位
,教育,2012.2,,,,,爱花朵软件,(获投状态：不明确),儿童早教
,本地生活,2012.4,,,,,e家洁,(战略投资),家政服务
,企业服务,2012.5,,,,,易博天下2号人事部,(Pre-A轮),人力资源
,企业服务,2012.1,,,,,有圈,(获投状态：不明确),办公OA
,工具软件,2013.6,,,,,CobubRazor																			/ 西桥科技,(获投状态：不明确),其他工具
,工具软件,2014.1,,,,,如意手机桌面																			/ 上海饭米力科技,(天使轮),综合工具服务
,企业服务,2008.10,,,,,拓网科技,(获投状态：不明确),IT基础设施
,房产服务,2012.4,,,,,惠装装修																			/ 快乐家网络,(A+轮),装修装潢
,电子商务,2007.2,,,,,悠品网,(A轮),综合电商
,旅游,2013.3,,,,,爱旅行																			/ 爱旅伟邦科技,(A轮),跨境游
,电子商务,2010.1,,,,,淘淘搜,(B轮),综合电商
,文化娱乐,2011.11,,,,,看客,(获投状态：不明确),视频
,医疗健康,2012.10,,,,,女性私人医生,(获投状态：不明确),寻医诊疗
,本地生活,2013.4,,,,,一卡券																			/ 微云软件,(获投状态：不明确),本地综合生活
,游戏,2013.6,,,,,老虎游戏,(获投状态：不明确),游戏媒体及社区
,金融,2010.4,,,,,资本魔方,(获投状态：不明确),股票
,汽车交通,2012.4,,,,,出行通,(获投状态：不明确),交通出行
,金融,2013.1,,,,,未来支付SioData																			/ 兴奥德泰,(尚未获投),支付
,汽车交通,2009.12,,,,,珠海龙码科技																			/ 出行通,(获投状态：不明确),交通出行
,旅游,2012.11,,,,,E地游																			/ 上海缘游信息,(获投状态：不明确),旅游工具及社区
,企业服务,2012.9,,,,,麦客CRM																			/ 麦客表单,(A轮),销售营销
,教育,2012.7,,,,,互动宝宝																			/ 九龙蓝海科技,(A轮),儿童早教
,电子商务,2013.3,,,,,绝对优品网,(天使轮),服装服饰
City,FirstField,FoundTime,InvestCompany,Money,MoneyRound,MoneyTime,Name,Round,SecondField
,广告营销,2012.8,,,,,拿趣网																			/ 米趣网络,(B轮),移动及网络广告
,硬件,2011.3,,,,,点名时间,(已被收购),其他硬件服务
,金融,2009.7,,,,,移联支付																			/ 随意刷,(尚未获投),支付
,文化娱乐,2010.2,,,,,无觅网																			/ 无觅阅读,(A轮),媒体及阅读
,文化娱乐,2012.5,,,,,新看法																			/ 播亮客,(获投状态：不明确),影视
,工具软件,2011.10,,,,,Fotoable可图																			/ 云图微动,(B+轮),图像视频
,文化娱乐,2012.9,,,,,涂吧网																			/ 涂鸦宝,(A轮),动漫
,文化娱乐,2011.8,,,,,E票网,(获投状态：不明确),影视
,企业服务,2007.4,,,,,浩意信息,(获投状态：不明确),其他企业服务
,教育,2013.5,,,,,沙漠教育,(获投状态：不明确),教育综合服务
,社交网络,2012.7,,,,,九问网																			/ 中顾信息,(新三板),综合社交
,工具软件,2008.8,,,,,触宝,(已上市),实用生活服务
,教育,2005.7,,,,,线话英语,(获投状态：不明确),语言学习
,社交网络,2012.10,,,,,1封信,(获投状态：不明确),兴趣社区
,教育,2012.6,,,,,速学应用平台,(获投状态：不明确),教育信息化
,教育,2013.4,,,,,泡面吧,(天使轮),职业培训
,电子商务,2013.5,,,,,广新达,(获投状态：不明确),跨境电商
,工具软件,2011.10,,,,,安医生																			/ 小石头软件,(A轮),安全隐私
,企业服务,2012.12,,,,,微法律,(获投状态：不明确),法律服务
,汽车交通,2012.12,,,,,养车无忧网,(A+轮),汽车后服务
,汽车交通,2012.7,,,,,车易安养车网,(A轮),汽车后服务
,社交网络,2011.12,,,,,妈妈帮,(B轮),兴趣社区
,教育,2007.3,,,,,宝宝邦,(获投状态：不明确),儿童早教
,社交网络,2011.8,,,,,遇见,(A轮),陌生人交友
,教育,2012.8,,,,,学都网,(尚未获投),职业培训
,教育,2005.9,,,,,ChinesePod,(已被收购),语言学习
,社交网络,2013.7,,,,,撩菜撩汤Pickup																			/ 追Ta,(获投状态：不明确),婚恋交友
,教育,2011.3,,,,,求解答																			/ 上海极值信息,(A轮),K12
,社交网络,2003.10,,,,,丫丫网,(尚未获投),综合社交
,教育,2010.11,,,,,爱早教网,(A轮),儿童早教
,工具软件,2013.3,,,,,Fuubo抚波																			/ RefacTech,(获投状态：不明确),其他工具
,旅游,2011.8,,,,,今夜酒店特价,(已被收购),交通食宿
,教育,2010.10,,,,,我读啦																			/ 爱读信息,(获投状态：不明确),语言学习
,教育,2008.6,,,,,北风网																			/ 上海育创网络,(B+轮),职业培训
,房产服务,2012.5,,,,,谛力家具宝,(获投状态：不明确),装修装潢
,工具软件,2010.10,,,,,安卓壁纸																			/ 光点图灵网络,(A轮),系统工具
,游戏,2011.5,,,,,拇指玩,(已被收购),游戏发行及渠道
,工具软件,2011.8,,,,,爱摄汇,(A轮),事项及效率
,教育,2010.9,,,,,MEET美式教育																			/ 金钟科技,(尚未获投),语言学习
,企业服务,2012.5,,,,,印象笔记,(A轮),办公OA
,工具软件,2009.9,,,,,掌上宝,(获投状态：不明确),其他工具
,文化娱乐,2012.11,,,,,阅FM,(获投状态：不明确),视频
,教育,2012.10,,,,,AiSchool,(获投状态：不明确),教育信息化
,汽车交通,2007.2,,,,,114驾校联盟,(获投状态：不明确),车主工具及服务
,工具软件,2009.5,,,,,瓦力网络																			/ 资费通,(已被收购),实用生活服务
,教育,2013.12,,,,,33IQ																			/ 上海冀创信息,(Pre-A轮),兴趣教育
,教育,2006.12,,,,,Let's Talk																			/ 五分钟英语,(获投状态：不明确),语言学习
,教育,2012.1,,,,,考GMAT																			/ 盈禾优仕,(B轮),出国留学
,教育,2009.9,,,,,快课网,(获投状态：不明确),教育信息化
,教育,2010.4,,,,,贝瓦网,(新三板),儿童早教
,医疗健康,2012.1,,,,,心融网,(获投状态：不明确),健康保健
,金融,2011.8,,,,,卡友汇,(已被收购),信用及征信
,教育,2006.10,,,,,好学教育																			/ 华图,(B轮),职业培训
,企业服务,2012.11,,,,,好学网,(获投状态：不明确),行业信息化及解决方案
,工具软件,2013.1,,,,,越狱卫士,(获投状态：不明确),其他工具
,电子商务,2009.8,,,,,知心团,(获投状态：不明确),电商解决方案
,旅游,2013.7,,,,,自驾友,(天使轮),旅游综合服务
,广告营销,2015.11,,,,,上海左旦网络传媒																			/ 左旦,(天使轮),整合营销传播
,工具软件,2013.2,,,,,彩忆,(获投状态：不明确),图像视频
,文化娱乐,2008.9,,,,,善听听书,(已上市),视频
,硬件,2010.10,,,,,MUCH摩奇																			/ 瑞高,(已被收购),消费电子
,社交网络,2013.7,,,,,Biu彼友																			/ 蜗牛电视,(获投状态：不明确),陌生人交友
,工具软件,2011.1,,,,,正点科技																			/ 正点闹钟,(获投状态：不明确),实用生活服务
,文化娱乐,2010.11,,,,,被窝音乐																			/ 音阅FM,(A轮),音乐
,文化娱乐,2012.2,,,,,美乐网																			/ 美乐时光,(获投状态：不明确),音乐
,教育,2011.7,,,,,萨卡魔方,(获投状态：不明确),儿童早教
,教育,2012.5,,,,,61UP																			/ 61向上网,(获投状态：不明确),儿童早教
,广告营销,2007.4,,,,,会易环宇科技,(获投状态：不明确),整合营销传播
,教育,2012.3,,,,,优录网																			/ offer68,(获投状态：不明确),出国留学
,教育,2011.8,,,,,工程师爸爸,(B轮),儿童早教
,游戏,2014.10,,,,,魅魄游戏MapleGame,(天使轮),游戏开发商
,工具软件,2013.7,,,,,预装宝,(获投状态：不明确),其他工具
,电子商务,2011.9,,,,,压马路,(获投状态：不明确),电商解决方案
,企业服务,2012.6,,,,,歪伯乐Ybole,(天使轮),人力资源
,社交网络,2007.2,,,,,Q妈咪,(获投状态：不明确),兴趣社区
,本地生活,2011.4,,,,,食神摇摇																			/ 乐呵互动,(已被收购),美食餐饮
,电子商务,2000.10,,,,,U箱超市,(天使轮),综合电商
,工具软件,2011.5,,,,,GNotes随笔记,(天使轮),事项及效率
,工具软件,2009.12,,,,,Xunsearch迅搜																			/ 云圣网络,(A轮),搜索引擎
,教育,2007.6,,,,,Max																			/ 口语达人,(获投状态：不明确),语言学习
,工具软件,2011.5,,,,,拨号精灵,(天使轮),无线通讯
,文化娱乐,2012.7,,,,,今日头条																			/ 字节跳动,(E轮),媒体及阅读
,教育,2007.4,,,,,天下宝贝,(获投状态：不明确),儿童早教
,文化娱乐,2012.5,,,,,悦动音乐																			/ 好铃声,(获投状态：不明确),视频
,教育,2011.12,,,,,北京乐知行软件,(已被收购),教育信息化
,教育,2011.12,,,,,盈禾优仕,(B轮),教育综合服务
,教育,2011.1,,,,,天天上课网,(A轮),K12
,电子商务,2011.7,,,,,果库,(天使轮),综合电商
,企业服务,2008.8,,,,,掌中宽途mobroad,(获投状态：不明确),行业信息化及解决方案
,社交网络,2004.9,,,,,Weico																			/ eico design,(A轮),综合社交
,教育,2011.1,,,,,口语100																			/ 清睿教育,(新三板),教育信息化
,教育,2010.4,,,,,友学网,(获投状态：不明确),职业培训
,教育,2009.7,,,,,花朵网,(获投状态：不明确),K12
,教育,2011.6,,,,,Smart口语																			/ 斯玛特口语,(获投状态：不明确),语言学习
,工具软件,2010.1,,,,,鼎开互联,(D轮),应用商店
,文化娱乐,2010.11,,,,,51TV																			/ 快手看片,(获投状态：不明确),视频
,教育,2009.10,,,,,淘教中国网,(获投状态：不明确),教育综合服务
,教育,2009.3,,,,,易呗 网,(获投状态：不明确),语言学习
,文化娱乐,2012.10,,,,,海朴资讯,(获投状态：不明确),媒体及阅读
,汽车交通,2015.4,,,,,优车派,(天使轮),汽车电商
,企业服务,2007.4,,,,,过来人求职网,(C轮),人力资源
,教育,2010.4,,,,,云飞跃留学服务平台,(尚未获投),出国留学
,教育,2007.1,,,,,简单学习网,(A轮),K12
,文化娱乐,2009.10,,,,,有妖气																			/ 四月星空,(已被收购),动漫
,硬件,2014.3,,,,,WinSun闻上科技,(天使轮),智能家居
,工具软件,2011.6,,,,,噢粑粑																			/ 爱西柚,(获投状态：不明确),位置定位
,工具软件,2011.4,,,,,南京爱西柚网络,(获投状态：不明确),综合工具服务
,文化娱乐,2012.6,,,,,海朴HiPu,(获投状态：不明确),媒体及阅读
,工具软件,2011.11,,,,,有信免费电话																			/ 有信网络,(已被收购),无线通讯
,旅游,2004.2,,,,,穷游网,(D轮),跨境游
,文化娱乐,2010.6,,,,,Anyview,(获投状态：不明确),媒体及阅读
,教育,2009.9,,,,,趣学网																			/ 冠岳网络,(获投状态：不明确),兴趣教育
,教育,2009.12,,,,,波普城大学网,(获投状态：不明确),高等教育
,教育,2005.8,,,,,云腾教育商店,(获投状态：不明确),教育信息化
,广告营销,2012.9,,,,,爱样品网,(获投状态：不明确),整合营销传播
,电子商务,2013.7,,,,,V商城																			/ Hishop网店,(尚未获投),电商解决方案
,硬件,2013.1,,,,,幻腾智能Phantom,(A轮),智能家居
,教育,2011.11,,,,,爱辅导																			/ 至远无限教育,(天使轮),K12
,电子商务,2013.1,,,,,麦糖网,(获投状态：不明确),电商解决方案
,教育,2009.8,,,,,几分钟网,(A轮),兴趣教育
,企业服务,2009.4,,,,,RankNow,(获投状态：不明确),B2D开发者服务
,工具软件,2011.8,,,,,APC浏览器,(获投状态：不明确),浏览器
,企业服务,2012.1,,,,,抓猫网,(获投状态：不明确),行业信息化及解决方案
,教育,2007.9,,,,,能力天空科技																			/ AbleSky,(C轮),教育信息化
,旅游,2012.2,,,,,飞常准,(已被收购),旅游工具及社区
,教育,2012.9,,,,,娃娃路																			/ 智同世纪,(获投状态：不明确),儿童早教
,文化娱乐,2011.8,,,,,布卡漫画,(B轮),动漫
,教育,2012.8,,,,,师徒网,(获投状态：不明确),职业培训
,教育,2011.8,,,,,若云兄弟,(尚未获投),教育信息化
,金融,2007.7,,,,,好买财富,(C轮),理财
,电子商务,2008.11,,,,,返还网,(A轮),其他电商服务
,教育,2007.4,,,,,顶你学堂,(B轮),职业培训
,电子商务,2012.5,,,,,旅行淘,(天使轮),跨境电商
,本地生活,2008.3,,,,,格瓦拉生活网,(已被收购),休闲娱乐
,企业服务,2009.2,,,,,灵感方舟,(B轮),综合企业服务
,教育,2007.11,,,,,帮我学,(获投状态：不明确),职业培训
,工具软件,2011.12,,,,,亲加通讯云																			/ 上海爱聊科技,(A轮),无线通讯
,教育,2011.8,,,,,满分网,(获投状态：不明确),K12
,金融,2010.2,,,,,随手记																			/ 随手科技,(C轮),理财
,教育,2011.7,,,,,德智教育,(获投状态：不明确),K12
,社交网络,2012.4,,,,,Civo思维平方科技,(天使轮),陌生人交友
,教育,2012.9,,,,,360老师网,(获投状态：不明确),教育信息化
,企业服务,2012.6,,,,,会务通,(A轮),办公OA
,汽车交通,2013.7,,,,,竹蜻蜓科技,(尚未获投),交通出行
,教育,2008.11,,,,,油菜花,(获投状态：不明确),兴趣教育
,金融,2012.10,,,,,卡牛																			/ 随手记,(A轮),信用及征信
,教育,2012.11,,,,,悠课网,(获投状态：不明确),兴趣教育
,教育,2011.4,,,,,动动脑云教育,(获投状态：不明确),儿童早教
,企业服务,2010.12,,,,,多来点,(获投状态：不明确),行业信息化及解决方案
,硬件,2014.1,,,,,杠点信息,(A轮),综合硬件
,文化娱乐,2010.1,,,,,哔哩哔哩bilibili,(战略投资),动漫
,企业服务,2012.9,,,,,极光大数据,(已上市),数据服务
,电子商务,2009.9,,,,,芸装家居,(A轮),家居家纺
,教育,2012.6,,,,,朗易思听																			/ 艾斯酷科技,(A轮),语言学习
,游戏,2010.10,,,,,玩够互动Gamegou,(获投状态：不明确),游戏开发商
,电子商务,2011.3,,,,,热客网,(获投状态：不明确),服装服饰
,工具软件,2010.6,,,,,格致璞Gozap,(A轮),事项及效率
,企业服务,2010.1,,,,,初鉴																			/ InitialView,(获投状态：不明确),人力资源
,工具软件,2011.6,,,,,大头贴																			/ 格致璞Gozap,(A轮),事项及效率
,教育,2010.9,,,,,网校网																			/ 搜网校,(天使轮),职业培训
,工具软件,2011.11,,,,,蜡笔同步,(A轮),事项及效率
,社交网络,2012.12,,,,,誓友,(获投状态：不明确),家庭熟人社交
,电子商务,2012.6,,,,,Viss.me,(尚未获投),服装服饰
,工具软件,2011.11,,,,,爱壁纸,(天使轮),其他工具
,文化娱乐,2008.3,,,,,抽屉网																			/ 格致璞,(A轮),媒体及阅读
,教育,2011.7,,,,,菲林音话,(获投状态：不明确),语言学习
,电子商务,2012.8,,,,,明星衣橱,(D轮),服装服饰
,游戏,2012.3,,,,,百维互动																			/ 纵横星际,(获投状态：不明确),游戏开发商
,工具软件,2011.3,,,,,LBE安全大师																			/ 永杨安风,(C轮),安全隐私
,游戏,2013.4,,,,,厦门魔兔																			/ 乱斗堂,(获投状态：不明确),游戏开发商
,教育,2009.4,,,,,酷伴网,(天使轮),语言学习
,教育,2012.8,,,,,北京题谷教育,(尚未获投),K12
,体育运动,2013.4,,,,,必搏体育,(获投状态：不明确),综合体育
,文化娱乐,2011.9,,,,,蜻蜓FM,(E轮),视频
,教育,2007.4,,,,,新学堂,(获投状态：不明确),儿童早教
,教育,2012.1,,,,,在聊网																			/ TalkWays,(天使轮),语言学习
,汽车交通,2012.6,,,,,车托帮,(B轮),交通出行
,医疗健康,2012.2,,,,,活法儿																			/ 金生在线,(A轮),健康保健
,教育,2012.2,,,,,拉比盒子RabbiBox,(已被收购),儿童早教
,教育,2007.12,,,,,八方视界8D World,(B轮),教育信息化
,电子商务,2016.5,,,,,鲜在时,(天使轮),生鲜食品
,教育,2010.10,,,,,拓词toWords																			/ 六月花兄弟软件,(A轮),语言学习
,教育,2008.8,,,,,TutorGroup麦奇教育,(C轮),语言学习
,教育,2001.1,,,,,沪江网校																			/ 沪江教育,(D轮),语言学习
,教育,2005.3,,,,,思昂教育,(获投状态：不明确),语言学习
,教育,2011.5,,,,,择师网,(获投状态：不明确),K12
,电子商务,2011.12,,,,,农味网,(获投状态：不明确),生鲜食品
,教育,2009.4,,,,,微课网,(天使轮),K12
,汽车交通,2012.1,,,,,车控网,(获投状态：不明确),汽车综合服务
,电子商务,2010.6,,,,,什么值得买,(A轮),综合电商
,教育,2011.11,,,,,爱班网,(天使轮),教育信息化
,教育,2012.5,,,,,昂途科技Onto,(获投状态：不明确),儿童早教
,教育,2006.1,,,,,乐看儿童																			/ 康隆盛科技,(A轮),儿童早教
,本地生活,2004.12,,,,,卖座网,(已被收购),休闲娱乐
,教育,2010.10,,,,,Rye Studio黑麦工作室,(A轮),儿童早教
,教育,2010.9,,,,,乐豚Yippee Arts,(A轮),儿童早教
,文化娱乐,2013.5,,,,,搜兔Sotu,(获投状态：不明确),影视
,企业服务,2007.3,,,,,广州优逸网络科技,(A轮),企业安全
,工具软件,2009.9,,,,,成都恒图科技Everimaging,(B轮),图像视频
,工具软件,2012.5,,,,,好照片																			/ 恒图科技,(B轮),图像视频
,教育,2011.4,,,,,铁皮人科技TinmanArts,(A轮),儿童早教
,金融,2012.5,,,,,51信用卡,(已上市),金融综合服务
,游戏,2011.8,,,,,上海方寸51Pocket,(已被收购),游戏开发商
,教育,2009.1,,,,,三人行网络教育,(A轮),K12
,社交网络,2011.7,,,,,在身边																			/ 逗溜,(获投状态：不明确),陌生人交友
,汽车交通,2011.7,,,,,卡卡移动																			/ 木仓科技,(天使轮),车主工具及服务
,教育,2011.11,,,,,奇思背单词																			/ 乐米科技,(获投状态：不明确),语言学习
,企业服务,2007.10,,,,,思必驰,(D轮),行业信息化及解决方案
,教育,2011.12,,,,,第9课堂																			/ 第九课堂,(天使轮),职业培训
,教育,2007.6,,,,,朗播网																			/ 博智天下,(B轮),语言学习
,文化娱乐,2012.11,,,,,明星汇,(获投状态：不明确),综合文娱
,金融,2012.11,,,,,铜板街,(B轮),理财
,电子商务,2010.6,,,,,团800网,(B轮),电商解决方案
,旅游,2013.1,,,,,麦兔旅行网,(获投状态：不明确),旅游信息化
,本地生活,2012.3,,,,,巴卡罗																			/ 时尚空间,(天使轮),美业服务
,汽车交通,2013.6,,,,,D+																			/ 迪加用车网,(获投状态：不明确),汽车后服务
,教育,2011.1,,,,,常青藤家教网,(A轮),K12
,旅游,2013.7,,,,,旅行墙																			/ 517旅行,(A轮),旅游工具及社区
,工具软件,2013.6,,,,,微邀请,(获投状态：不明确),其他工具
,体育运动,2013.4,,,,,我爱中超																			/ 看台文化,(获投状态：不明确),赛事运营及经纪
,教育,2009.7,,,,,至善网,(Pre-A轮),职业培训
,本地生活,2013.5,,,,,果粉厨房,(获投状态：不明确),美食餐饮
,工具软件,2013.6,,,,,QCode2可可豆																			/ 明盛云微,(获投状态：不明确),事项及效率
,文化娱乐,2013.2,,,,,中娱智库Entbrains,(获投状态：不明确),综合文娱
,电子商务,2012.2,,,,,逛Guang,(获投状态：不明确),综合电商
,工具软件,2010.5,,,,,Camera360																			/ 相机360,(B轮),图像视频
,房产服务,2013.7,,,,,V租房																			/ 购居网,(获投状态：不明确),租房
,电子商务,2010.9,,,,,爱图购																			/ in/九言科技,(A轮),服装服饰
,电子商务,2013.3,,,,,折800																			/ 淘800,(C轮),电商解决方案
,电子商务,2011.1,,,,,图图购购,(A轮),服装服饰
,游戏,2008.4,,,,,我爱游戏																			/ 丁仔网络,(A轮),游戏发行及渠道
,企业服务,2006.3,,,,,佰邦达科技,(A+轮),行业信息化及解决方案
,工具软件,2009.8,,,,,优亿市场eoeMarket,(获投状态：不明确),应用商店
,医疗健康,2011.6,,,,,慢乐网																			/ 掌上药店,(A轮),健康保健
,社交网络,2012.3,,,,,生日管家																			/ 心生集团,(B轮),家庭熟人社交
,工具软件,2010.10,,,,,品果科技																			/ Camera360,(B轮),图像视频
,医疗健康,2013.2,,,,,爱健美,(获投状态：不明确),健康保健
,文化娱乐,2012.9,,,,,音乐猎手,(获投状态：不明确),音乐
,硬件,2009.7,,,,,QCY蓝牙耳机																			/ 蓝米科技,(A轮),消费电子
,文化娱乐,2010.12,,,,,LavaRadio,(A轮),音乐
,游戏,2004.9,,,,,电玩巴士,(已被收购),游戏媒体及社区
,游戏,2011.4,,,,,多泡游戏																			/ 磊友,(A轮),游戏发行及渠道
,本地生活,2011.4,,,,,好豆网,(A轮),美食餐饮
,游戏,2011.1,,,,,口袋巴士,(A轮),游戏媒体及社区
,教育,2012.8,,,,,童乐汇																			/ 旭宁信息,(天使轮),儿童早教
,工具软件,2007.8,,,,,魔秀科技																			/ 魔秀桌面,(已被收购),图像视频
,电子商务,2010.4,,,,,沱沱工社,(获投状态：不明确),生鲜食品
,工具软件,2011.1,,,,,PhotoGrid相片组合,(已被收购),图像视频
,游戏,2010.12,,,,,磊友,(A轮),游戏开发商
,文化娱乐,2012.9,,,,,品读Pento																			/ 旭宁科技,(天使轮),媒体及阅读
,本地生活,2014.9,,,,,遛遛宠物,(A轮),宠物服务
,电子商务,2010.3,,,,,Marketboomer拍家网,(天使轮),综合电商
,企业服务,2011.10,,,,,旷视科技Face++,(D轮),行业信息化及解决方案
,企业服务,2012.10,,,,,Tower,(A+轮),办公OA
,企业服务,2010.4,,,,,TeamCola,(A轮),办公OA
,游戏,2011.12,,,,,甜瓜在线																			/ 拽绳子,(B轮),游戏开发商
,文化娱乐,2000.7,,,,,赵涌在线,(A轮),艺术
,社交网络,2011.9,,,,,麻麻帮																			/ 麻麻跳蚤街,(天使轮),兴趣社区
,工具软件,2010.11,,,,,应用汇Appchina.com																			/ 掌汇天下,(已被收购),应用商店
,工具软件,1998.10,,,,,超级兔子,(已被收购),综合工具服务
,企业服务,2007.6,,,,,会唐网,(B+轮),办公OA
,工具软件,2010.5,,,,,易集网,(获投状态：不明确),事项及效率
,工具软件,2010.2,,,,,海豚浏览器																			/ 百纳信息,(已被收购),浏览器
,教育,2011.5,,,,,时差网,(已被收购),出国留学
,旅游,2011.11,,,,,出发咯,(天使轮),旅游工具及社区
,电子商务,2011.12,,,,,品味汇TasteV,(天使轮),生鲜食品
,工具软件,2011.10,,,,,安兔兔																			/ 超级兔子,(已被收购),其他工具
,企业服务,2011.5,,,,,易科YeeCco,(A轮),B2D开发者服务
,教育,2011.10,,,,,亲宝网,(天使轮),儿童早教
,旅游,2008.12,,,,,乐游旅游网,(天使轮),跨境游
,教育,2010.5,,,,,网趣宝贝																			/ 梓洋网络,(B轮),儿童早教
,教育,2006.9,,,,,六一宝宝网																			/ 61baobao,(天使轮),儿童早教
,工具软件,2010.9,,,,,触景无限,(A+轮),浏览器
,企业服务,2012.8,,,,,DesignBoard,(A轮),办公OA
,文化娱乐,2012.5,,,,,声声,(天使轮),视频
,企业服务,2008.10,,,,,彩程设计,(A轮),IT基础设施
,企业服务,2011.3,,,,,彩链中国ColorMobi,(天使轮),其他企业服务
,企业服务,2012.5,,,,,友谦网络,(A轮),IT基础设施
,工具软件,2012.9,,,,,查好友,(A轮),其他工具
,教育,2009.2,,,,,学睿外教,(获投状态：不明确),语言学习
,教育,2012.5,,,,,清源教育,(天使轮),职业培训
,企业服务,2012.8,,,,,点触安全																			/ 微触科技,(天使轮),企业安全
,文化娱乐,2012.2,,,,,艺点儿,(A轮),艺术
,企业服务,2009.8,,,,,易联致远																			/ eoe,(天使轮),B2D开发者服务
,电子商务,2005.10,,,,,易果生鲜																			/ 易果集团,(D轮),生鲜食品
,金融,2013.6,,,,,每市,(A轮),股票
,工具软件,2009.2,,,,,亿思创世Estrongs																			/ ES文件浏览器,(已被收购),浏览器
,本地生活,2011.9,,,,,易淘食,(B轮),美食餐饮
,工具软件,2011.4,,,,,iTools创想天空Thinksy,(新三板),应用商店
,电子商务,2012.6,,,,,珠宝网,(天使轮),珠宝首饰
,企业服务,2012.1,,,,,雅米软件,(获投状态：不明确),办公OA
,广告营销,2012.10,,,,,分子互动,(天使轮),整合营销传播
,社交网络,2011.2,,,,,友加																			/ 友十网络,(B+轮),陌生人交友
,工具软件,2013.7,,,,,微核,(获投状态：不明确),其他工具
,汽车交通,2009.7,,,,,订车网,(A轮),交通出行
,硬件,2011.1,,,,,土曼百达TOMOON,(A轮),消费电子
,电子商务,2010.10,,,,,米奇网,(A轮),化妆品
,房产服务,2011.9,,,,,宜居家装网,(获投状态：不明确),装修装潢
,企业服务,2011.4,,,,,乐蛙科技,(B轮),B2D开发者服务
,本地生活,2008.5,,,,,无忧保姆网																			/ 家事无忧家政,(战略投资),家政服务
,游戏,2010.4,,,,,TopGame游矩乐成,(天使轮),游戏发行及渠道
,广告营销,2013.7,,,,,快子创意,(获投状态：不明确),整合营销传播
,企业服务,2012.8,,,,,一问一答																			/ HiAll,(获投状态：不明确),人力资源
,文化娱乐,2008.1,,,,,SocialBeta,(尚未获投),媒体及阅读
,社交网络,2013.1,,,,,适友网,(获投状态：不明确),婚恋交友
,社交网络,2011.5,,,,,堆糖APP,(B轮),兴趣社区
,本地生活,2011.7,,,,,锦食送,(天使轮),美食餐饮
,文化娱乐,2013.3,,,,,酷发现																			/ 爱稀奇,(天使轮),媒体及阅读
,金融,2009.6,,,,,挖财,(战略投资),理财
,金融,2010.10,,,,,融众网,(获投状态：不明确),借贷
,本地生活,2008.1,,,,,豆果美食,(C轮),美食餐饮
,旅游,2010.12,,,,,来来网,(B轮),跨境游
,教育,2012.1,,,,,SoftCompass祝成科技,(获投状态：不明确),职业培训
,工具软件,2010.11,,,,,苹果园,(已被收购),应用商店
,金融,2011.2,,,,,音付																			/ 斯寄乐SGL,(获投状态：不明确),支付
,房产服务,2006.11,,,,,房价网,(B轮),房产电商
,企业服务,2008.11,,,,,灯鹭																			/ 尚良楷诚,(天使轮),其他企业服务
,金融,2011.7,,,,,36氪集团																			/ 协力筑成金融,(战略投资),投融资
,硬件,2011.8,,,,,柴火创客空间,(获投状态：不明确),综合硬件
,教育,2011.11,,,,,募格编辑MogoEdit,(获投状态：不明确),出国留学
,电子商务,2008.8,,,,,哇噻网,(B轮),综合电商
,文化娱乐,2011.2,,,,,极阅																			/ 极跃互动,(天使轮),媒体及阅读
,广告营销,2012.4,,,,,微网站																			/ 巴马网络,(已被收购),整合营销传播
,企业服务,2012.8,,,,,SlideIdea,(尚未获投),办公OA
,文化娱乐,2012.11,,,,,音乐天堂全媒体,(天使轮),音乐
,金融,2009.7,,,,,融道网,(B轮),借贷
,教育,2011.9,,,,,AppleTreeBook,(天使轮),儿童早教
,社交网络,2013.1,,,,,Joy.in乐在社区,(获投状态：不明确),兴趣社区
,文化娱乐,2013.1,,,,,轻奢网,(获投状态：不明确),媒体及阅读
,硬件,2013.1,,,,,成都有形科技Tagtal,(获投状态：不明确),消费电子
,游戏,2011.8,,,,,广州暴雨游戏,(A轮),游戏综合服务
,教育,2008.7,,,,,icanmusic我可乐,(天使轮),兴趣教育
,企业服务,2012.7,,,,,Inftail易和迅科技,(获投状态：不明确),销售营销
,广告营销,2012.5,,,,,艾普科美AppConomy,(A轮),移动及网络广告
,企业服务,2004.10,,,,,HiAll																			/ 纽哈斯教育,(获投状态：不明确),人力资源
,电子商务,2013.3,,,,,有家小店,(天使轮),电商解决方案
,教育,2012.12,,,,,募格英语																			/ 募格网,(获投状态：不明确),语言学习
,教育,2009.1,,,,,邢帅教育,(B轮),职业培训
,教育,2010.10,,,,,嘟豆小书屋																			/ 嘟豆动漫,(尚未获投),儿童早教
,游戏,2012.9,,,,,云顶网络AppFame,(A轮),游戏发行及渠道
,社交网络,2013.1,,,,,Timeet,(天使轮),陌生人交友
,文化娱乐,2013.4,,,,,BeautyPlus,(获投状态：不明确),视频
,本地生活,2014.11,,,,,YOUNG美妆懂点网络,(天使轮),美业服务
,本地生活,2012.3,,,,,芝麻网																			/ 知迅码,(天使轮),商户服务及信息化
,硬件,2012.10,,,,,HiKe海客手机,(获投状态：不明确),消费电子
,本地生活,2012.4,,,,,飞宴网,(获投状态：不明确),美食餐饮
,医疗健康,2011.4,,,,,5U家庭医生,(A轮),寻医诊疗
,金融,2009.10,,,,,未来付网络,(天使轮),借贷
,游戏,2011.10,,,,,猿山科技ApeHills,(天使轮),游戏开发商
,文化娱乐,2011.8,,,,,云朵工厂,(A轮),动漫
,文化娱乐,2011.10,,,,,玩图																			/ 云图微动,(A轮),视频
,教育,2012.8,,,,,艺术巴士,(天使轮),兴趣教育
,医疗健康,2011.12,,,,,杏树林,(C轮),医生服务
,社交网络,2012.8,,,,,qb网																			/ qb,(天使轮),校园社交
,医疗健康,2012.10,,,,,生命油表																			/ 51健康网,(天使轮),健康保健
,工具软件,2010.9,,,,,虫洞语音助手																			/ 光年无限,(A轮),位置定位
,电子商务,2011.8,,,,,百步淘,(天使轮),综合电商
,文化娱乐,2011.9,,,,,咖客																			/ 博格创联,(获投状态：不明确),媒体及阅读
,文化娱乐,2012.1,,,,,Bookfaces似颜绘,(A轮),视频
,电子商务,2011.8,,,,,购物党,(获投状态：不明确),电商解决方案
,文化娱乐,2012.6,,,,,板报																			/ 博格创联,(获投状态：不明确),媒体及阅读
,医疗健康,2011.11,,,,,宽窄网,(获投状态：不明确),健康保健
,广告营销,2013.1,,,,,好邮,(获投状态：不明确),整合营销传播
,文化娱乐,2011.5,,,,,图兜,(天使轮),视频
,本地生活,2012.8,,,,,外卖超人Delivery Hero,(F轮-上市前),美食餐饮
,旅游,2012.2,,,,,米途订酒店																			/ 米天下科技,(B轮),交通食宿
,本地生活,2011.8,,,,,美餐网,(D+轮),美食餐饮
,汽车交通,2011.7,,,,,同行,(天使轮),交通出行
,企业服务,2011.7,,,,,有鱼网,(天使轮),人力资源
,电子商务,2007.2,,,,,YOHO!有货																			/ 新力传媒,(D轮),服装服饰
,工具软件,2011.7,,,,,TiMap,(天使轮),事项及效率
,社交网络,2010.10,,,,,蜜壳儿,(天使轮),陌生人交友
,旅游,2011.4,,,,,途客圈,(已被收购),旅游工具及社区
,游戏,2011.3,,,,,米哈游miHoYo,(天使轮),游戏开发商
,广告营销,2010.4,,,,,AnG无双科技,(已被收购),整合营销传播
,教育,2012.2,,,,,创新伙伴InnoBuddy,(A轮),出国留学
,教育,2013.1,,,,,开口学,(获投状态：不明确),语言学习
,企业服务,2010.3,,,,,VaSee活动网																			/ 万社,(尚未获投),其他企业服务
,企业服务,2011.11,,,,,会云网,(天使轮),行业信息化及解决方案
,本地生活,2011.9,,,,,敢吃网,(获投状态：不明确),美食餐饮
,游戏,2010.4,,,,,奥索游戏,(天使轮),游戏开发商
,文化娱乐,2006.10,,,,,360doc,(天使轮),媒体及阅读
,文化娱乐,2012.5,,,,,V剪客,(A轮),媒体及阅读
,游戏,2011.2,,,,,OpenXLive																			/ 支点联游科技,(B轮),游戏发行及渠道
,企业服务,2012.1,,,,,微米,(获投状态：不明确),IT基础设施
,企业服务,2009.10,,,,,Doit.im																			/ 雪橙网络,(A轮),办公OA
,文化娱乐,2011.1,,,,,微拍																			/ 蝈蝈在线科技,(A轮),视频
,教育,2013.8,,,,,极智批改网,(B轮),语言学习
,医疗健康,2007.1,,,,,薄荷网,(B轮),健康保健
,企业服务,2007.3,,,,,上海吟泽信息																			/ Adsvana,(获投状态：不明确),其他企业服务
,游戏,2012.5,,,,,Snack Studio																			/ 灵思时刻科技,(天使轮),游戏开发商
,企业服务,2010.3,,,,,RenderG云渲染农场,(获投状态：不明确),其他企业服务
,文化娱乐,2007.5,,,,,YOHO.CN																			/ 新与力文化,(D轮),媒体及阅读
,游戏,2011.8,,,,,FreyrGames伏睿,(天使轮),游戏开发商
,教育,2009.5,,,,,扇贝网																			/ 扇贝英语,(B轮),语言学习
,教育,2011.7,,,,,Pamakids斑马骑士,(获投状态：不明确),儿童早教
,社交网络,2012.7,,,,,乐送																			/ Ztelic智拓,(已被收购),家庭熟人社交
,企业服务,2012.4,,,,,Renderbus云渲染,(天使轮),其他企业服务
,企业服务,2012.6,,,,,云纬网络																			/ 赛博智通,(获投状态：不明确),IT基础设施
,旅游,2012.1,,,,,517旅行																			/ 我要去旅行,(A轮),旅游工具及社区
,社交网络,2012.5,,,,,友拓																			/ 惟知广聚,(天使轮),家庭熟人社交
,硬件,2008.4,,,,,保益互动																			/ 保益悦听,(获投状态：不明确),消费电子
,文化娱乐,2011.11,,,,,你听网,(获投状态：不明确),音乐
,社交网络,2011.12,,,,,code4app																			/ UI4App,(天使轮),其他社交
,旅游,2012.5,,,,,蝉游记,(已被收购),旅游工具及社区
,广告营销,2007.1,,,,,派择网络PageChoice,(获投状态：不明确),整合营销传播
,企业服务,2012.1,,,,,AngelEyes,(获投状态：不明确),行业信息化及解决方案
,社交网络,2011.8,,,,,对爱,(天使轮),婚恋交友
,硬件,2011.12,,,,,麦开,(A轮),综合硬件
,文化娱乐,2012.10,,,,,乐童音乐,(A轮),音乐
,金融,2013.5,,,,,上海慧银智能云POS,(A轮),支付
,电子商务,2010.7,,,,,洋码头																			/ 海外扫货神器,(C轮),跨境电商
,旅游,2013.6,,,,,途客集,(获投状态：不明确),旅游工具及社区
,企业服务,2013.6,,,,,Pragmatic.ly,(获投状态：不明确),办公OA
,旅游,2007.1,,,,,途牛旅游网,(已上市),旅游综合服务
,电子商务,2013.11,,,,,金桔小店																			/ 摩科科技,(获投状态：不明确),电商解决方案
,旅游,2013.1,,,,,第三极客,(获投状态：不明确),旅游综合服务
,电子商务,2012.2,,,,,贝壳网,(天使轮),服装服饰
,文化娱乐,2006.3,,,,,魔时网																			/ 活动易,(B轮),综合文娱
,硬件,2013.6,,,,,鼎喜手机,(获投状态：不明确),消费电子
,本地生活,2011.6,,,,,订酒宴网,(天使轮),美食餐饮
,旅游,2012.11,,,,,游会网,(天使轮),国内游
,广告营销,2005.11,,,,,时趣互动																			/ Social Touch,(D轮),整合营销传播
,企业服务,2010.4,,,,,合肥启云软件,(A轮),B2D开发者服务
,本地生活,2011.3,,,,,外卖库,(已被收购),美食餐饮
,游戏,2012.7,,,,,上海哈邻网络Hilink,(获投状态：不明确),游戏开发商
,电子商务,2013.6,,,,,友评																			/ 知众网络,(获投状态：不明确),电商解决方案
,文化娱乐,2012.9,,,,,追书神器,(已被收购),媒体及阅读
,广告营销,2012.10,,,,,聚能推,(天使轮),移动及网络广告
,文化娱乐,2010.12,,,,,ZAKER,(C+轮),媒体及阅读
,企业服务,2006.3,,,,,活动时,(A轮),其他企业服务
,游戏,2011.9,,,,,卓越游戏,(A轮),游戏开发商
,农业,2011.10,,,,,慧云信息,(A轮),新型农业系统
,文化娱乐,2012.4,,,,,火花TV																			/ 思帕客,(B轮),影视
,企业服务,2013.1,,,,,翠鼎竞标Trinity,(获投状态：不明确),其他企业服务
,企业服务,2010.10,,,,,数岩科技																			/ iRockTech,(A轮),行业信息化及解决方案
,教育,2011.11,,,,,芒拓软件,(获投状态：不明确),儿童早教
,本地生活,2011.3,,,,,下厨房,(B轮),美食餐饮
,医疗健康,2013.6,,,,,药微博,(获投状态：不明确),医生服务
,文化娱乐,2013.1,,,,,果子TV																			/ 奇珀TV应用市场,(A轮),其他文娱服务
,教育,2005.8,,,,,51CTO无忧创想,(B轮),职业培训
,文化娱乐,2012.6,,,,,爱美图																			/ 上海兔象网络,(A轮),视频
,文化娱乐,2006.7,,,,,呱呱视频社区,(已被收购),视频
,文化娱乐,2012.3,,,,,云迹,(天使轮),媒体及阅读
,企业服务,2011.8,,,,,为知笔记Wiz,(A轮),办公OA
,社交网络,2013.6,,,,,单身说,(获投状态：不明确),婚恋交友
,企业服务,2012.8,,,,,匹诺曹通话录音,(获投状态：不明确),其他企业服务
,电子商务,2012.4,,,,,LifeVC丽芙家居,(B轮),家居家纺
,硬件,2011.8,,,,,TouchAir乾行讯科,(B轮),消费电子
,文化娱乐,2013.1,,,,,奇珀网																			/ 果致电子,(A轮),其他文娱服务
,企业服务,2011.8,,,,,数据堂,(B轮),数据服务
,电子商务,2009.9,,,,,酒仙网,(已上市),生鲜食品
,医疗健康,2012.2,,,,,瘦身战争,(天使轮),健康保健
,医疗健康,2011.1,,,,,iPreCare爱普瑞康,(获投状态：不明确),医疗信息化
,文化娱乐,2008.2,,,,,UI中国																			/ 君博睿科技,(天使轮),设计及创意
,社交网络,2012.7,,,,,合拍网																			/ Herpar,(获投状态：不明确),校园社交
,电子商务,2009.3,,,,,特有米网,(获投状态：不明确),服装服饰
,社交网络,2010.12,,,,,课程格子,(A轮),校园社交
,硬件,2009.1,,,,,统捷通讯科技																			/ jWotch,(获投状态：不明确),可穿戴设备
,企业服务,2012.10,,,,,速来招工网																			/ 速来网,(天使轮),人力资源
,电子商务,2012.1,,,,,美妆易购																			/ 优惠南京,(天使轮),化妆品
,企业服务,2011.8,,,,,37degree																			/ 乐享天下,(A轮),数据服务
,文化娱乐,2015.8,,,,,耳朵财经,(Pre-A轮),媒体及阅读
,企业服务,2011.7,,,,,独到科技,(尚未获投),数据服务
,社交网络,2013.4,,,,,行业应用汇,(获投状态：不明确),商务社交
,文化娱乐,2012.1,,,,,窄播爱听360																			/ 巴郎仔网络,(A轮),视频
,企业服务,2011.9,,,,,知客数据																			/ 脉搏网37degree,(A轮),数据服务
,硬件,2009.1,,,,,Togic泰捷,(A轮),消费电子
,本地生活,2013.7,,,,,懒日子,(获投状态：不明确),家政服务
,教育,2011.8,,,,,多贝网,(已被收购),教育综合服务
,金融,2012.4,,,,,深圳华营数字,(获投状态：不明确),支付
,金融,2013.6,,,,,拍付宝PayTag,(获投状态：不明确),支付
,文化娱乐,2011.12,,,,,石山视频,(天使轮),视频
,金融,2011.8,,,,,易投理财,(获投状态：不明确),理财
,旅游,2011.5,,,,,天旅网,(获投状态：不明确),景点门票
,企业服务,2012.1,,,,,Gleasy格子云																			/ 格畅科技,(尚未获投),办公OA
,文化娱乐,2012.8,,,,,爱唱																			/ 众智创世科技,(A轮),视频
,电子商务,2008.5,,,,,乐蜂网																			/ 东方风行,(已被收购),化妆品
,硬件,2012.1,,,,,广州卓居智能科技,(获投状态：不明确),智能家居
,电子商务,2012.1,,,,,包年优品,(获投状态：不明确),综合电商
,社交网络,2013.7,,,,,趴客,(天使轮),陌生人交友
,硬件,2013.5,,,,,eCAM无线分享伴侣																			/ AirLinker,(获投状态：不明确),消费电子
,本地生活,2007.3,,,,,宝宝树,(战略投资),本地综合生活
,文化娱乐,2008.9,,,,,爱拍原创																			/ 拍大师,(D轮),视频
,本地生活,2012.6,,,,,南京零号线,(B轮),美食餐饮
,电子商务,2009.4,,,,,趣玩网,(已被收购),综合电商
,企业服务,2012.4,,,,,i8小时																			/ 上海汇明信息,(B轮),办公OA
,广告营销,2008.1,,,,,光华活彩传媒,(D轮),传统广告
,旅游,2013.1,,,,,口袋旅行,(获投状态：不明确),跨境游
,电子商务,2006.11,,,,,返利网																			/ 中彦信息科技,(C轮),电商解决方案
,电子商务,2010.3,,,,,大龙网DinoDirect,(D轮),跨境电商
,电子商务,2008.6,,,,,FocalPrice,(获投状态：不明确),跨境电商
,医疗健康,2001.10,,,,,寻医问药网																			/ 世纪闻康,(A轮),寻医诊疗
,硬件,2012.10,,,,,玩物尚志,(获投状态：不明确),消费电子
,医疗健康,2010.3,,,,,微医																			/ 挂号网,(F轮-上市前),医疗综合服务
,工具软件,2013.6,,,,,丁兰通讯录																			/ 丁兰科技,(获投状态：不明确),其他工具
,游戏,2009.8,,,,,聚游戏网																			/ 聚人科技,(A轮),游戏媒体及社区
,本地生活,2005.5,,,,,丁丁网																			/ 丁丁优惠,(D轮),本地综合生活
,游戏,2011.11,,,,,泥巴网络,(天使轮),游戏开发商
,电子商务,2011.4,,,,,优1宝贝																			/ U1baby,(已被收购),母婴玩具
,硬件,2010.9,,,,,布莱叶读屏																			/ 华驰科技,(获投状态：不明确),消费电子
,游戏,2013.7,,,,,聚会玩																			/ 腾翀网络,(Pre-A轮),游戏开发商
,教育,2012.1,,,,,金考网,(获投状态：不明确),职业培训
,游戏,2010.9,,,,,乐乐堂																			/ 裂天之刃,(天使轮),游戏开发商
,游戏,2012.10,,,,,核酷科技																			/ 仙游记,(获投状态：不明确),游戏开发商
,文化娱乐,2012.7,,,,,脚印																			/ 传驰网络,(获投状态：不明确),视频
,游戏,2013.3,,,,,乐卓游																			/ 非常屌丝,(获投状态：不明确),游戏开发商
,企业服务,2013.7,,,,,五十金50Jin,(获投状态：不明确),人力资源
,旅游,2011.5,,,,,脚印网,(获投状态：不明确),旅游工具及社区
,游戏,2006.6,,,,,天一讯灵,(战略投资),游戏开发商
,电子商务,2012.5,,,,,极客海淘,(天使轮),跨境电商
,教育,2012.1,,,,,双肩背																			/ 欢聚宝,(天使轮),儿童早教
,本地生活,2012.10,,,,,艾蔻科技iCollagen,(天使轮),美业服务
,本地生活,2011.7,,,,,帮帮APP																			/ 智汇星空科技,(尚未获投),本地综合生活
,教育,2011.12,,,,,传课网,(已被收购),教育综合服务
,教育,2008.2,,,,,掌上育儿,(获投状态：不明确),儿童早教
,电子商务,2008.2,,,,,酒美网,(B轮),生鲜食品
,电子商务,2014.10,,,,,大牌秀,(获投状态：不明确),奢侈品
,教育,2011.11,,,,,宁皓网,(获投状态：不明确),职业培训
,旅游,2012.11,,,,,果冻旅行,(获投状态：不明确),跨境游
,文化娱乐,2012.7,,,,,万花筒视频,(A轮),视频
,硬件,2012.1,,,,,imLab电子新我																			/ Betwine,(获投状态：不明确),消费电子
,工具软件,2012.9,,,,,有声照片,(获投状态：不明确),事项及效率
,游戏,2013.3,,,,,一战到底																			/ 掌游移动,(A轮),游戏开发商
,社交网络,2012.12,,,,,许愿树																			/ 上海袄袄科技,(获投状态：不明确),综合社交
,教育,2013.3,,,,,城际课堂,(获投状态：不明确),K12
,电子商务,2010.3,,,,,Teeker梯可,(获投状态：不明确),服装服饰
,电子商务,2013.5,,,,,淘乐乐软件,(获投状态：不明确),电商解决方案
,工具软件,2012.3,,,,,消息速递,(获投状态：不明确),事项及效率
,游戏,2010.5,,,,,云游世界,(A轮),游戏开发商
,文化娱乐,2013.3,,,,,微图吧,(获投状态：不明确),视频
,企业服务,2012.6,,,,,杭州天涯若比邻,(尚未获投),办公OA
,教育,2013.1,,,,,儿童音像馆,(获投状态：不明确),儿童早教
,游戏,2011.8,,,,,拍你妹																			/ 视觉公园,(天使轮),游戏开发商
,工具软件,2011.12,,,,,屏客来电秀,(获投状态：不明确),无线通讯
,广告营销,2011.12,,,,,手机屏媒																			/ 杭州赛众,(获投状态：不明确),移动及网络广告
,医疗健康,2000.7,,,,,丁香园,(D轮),医疗综合服务
,房产服务,2013.6,,,,,我恋我屋,(获投状态：不明确),租房
,电子商务,2008.10,,,,,亿赞普IZP,(C轮),跨境电商
,工具软件,2012.1,,,,,快传,(获投状态：不明确),事项及效率
,工具软件,2013.3,,,,,WiFront,(获投状态：不明确),位置定位
,社交网络,2011.8,,,,,KK觅友,(天使轮),陌生人交友
,工具软件,2009.9,,,,,板栗桌面																			/ 蛙灵桌面,(获投状态：不明确),事项及效率
,本地生活,2009.4,,,,,漂漂网																			/ 俪颜网络,(尚未获投),美业服务
,社交网络,2013.4,,,,,喝啥网,(获投状态：不明确),兴趣社区
,金融,2012.6,,,,,钱先生,(A轮),理财
,电子商务,2013.7,,,,,衣橱管家																			/ 4Studio,(天使轮),服装服饰
,游戏,2010.3,,,,,天神娱乐																			/ 天神互动,(已上市),游戏综合服务
,电子商务,2008.7,,,,,PUPAI普派正装,(获投状态：不明确),服装服饰
,电子商务,2012.9,,,,,黑方糖,(天使轮),电商解决方案
,硬件,2012.8,,,,,Cubieboard,(获投状态：不明确),芯片半导体
,游戏,2012.3,,,,,上游互动,(已被收购),游戏综合服务
,企业服务,2011.1,,,,,法度网,(获投状态：不明确),法律服务
,游戏,2008.7,,,,,中清龙图,(已被收购),游戏综合服务
,电子商务,2008.6,,,,,也买酒yesmywine,(已被收购),生鲜食品
,企业服务,2009.9,,,,,汇法网,(获投状态：不明确),法律服务
,企业服务,2011.11,,,,,大状网,(天使轮),法律服务
,企业服务,2012.5,,,,,法律助理																			/ 法律说,(天使轮),法律服务
,社交网络,2012.2,,,,,德问网,(尚未获投),综合社交
,电子商务,2010.1,,,,,我查查,(A轮),其他电商服务
,企业服务,2011.8,,,,,YesMyLaw法律管家,(天使轮),法律服务
,旅游,2013.1,,,,,逸游网																			/ 易游天下,(获投状态：不明确),跨境游
,社交网络,2011.2,,,,,微爱																			/ 发现角科技,(A轮),婚恋交友
,游戏,2011.10,,,,,易娱网络,(获投状态：不明确),游戏开发商
,游戏,2007.8,,,,,热酷Rekoo,(B轮),游戏开发商
,教育,2006.11,,,,,世纪明德教育,(新三板),K12
,汽车交通,2013.6,,,,,易启程,(获投状态：不明确),交通出行
,社交网络,2012.1,,,,,有恋																			/ 华威天创,(获投状态：不明确),婚恋交友
,社交网络,2012.2,,,,,疯点																			/ 深圳同龄人科技,(B轮),校园社交
,电子商务,2010.1,,,,,芭莎网,(A轮),电商解决方案
,旅游,2013.5,,,,,酒店多多																			/ 成都四象互动,(获投状态：不明确),交通食宿
,社交网络,2013.6,,,,,AA大学生社交,(获投状态：不明确),校园社交
,广告营销,2012.5,,,,,有礼派,(A+轮),移动及网络广告
,游戏,2002.11,,,,,5173游戏网,(已被收购),游戏综合服务
,企业服务,2000.7,,,,,edoc2																			/ 上海鸿翼,(新三板),IT基础设施
,教育,2006.8,,,,,万学教育																			/ 海文考研,(C轮),高等教育
,企业服务,2011.6,,,,,安全宝,(已被收购),企业安全
,汽车交通,2011.11,,,,,路况电台																			/ 众联智领科技,(C轮),交通出行
,电子商务,2012.5,,,,,酒咔嚓,(B轮),生鲜食品
,教育,2008.8,,,,,VIPABC																			/ TutorABC,(C轮),语言学习
,金融,2010.11,,,,,华尔街见闻,(C轮),其他金融
,旅游,2009.5,,,,,TouchChina景点通,(A轮),旅游工具及社区
,文化娱乐,2013.7,,,,,青蓝记																			/ 海纳艾美,(新三板),影视
